▲ Next.js 16.2.3 (Turbopack)
- Local:         http://localhost:3001
- Network:       http://192.168.68.110:3001
- Environments: .env.local
✓ Ready in 814ms
⚠ `eslint` configuration in next.config.ts is no longer supported. See more info here: https://nextjs.org/docs/app/api-reference/cli/next#next-lint-options
⚠ Invalid next.config.ts options detected: 
⚠     Unrecognized key(s) in object: 'eslint'
⚠ See more info here: https://nextjs.org/docs/messages/invalid-next-config
⚠ The "middleware" file convention is deprecated. Please use "proxy" instead. Learn more: https://nextjs.org/docs/messages/middleware-to-proxy

 GET /portal-cliente 200 in 1963ms (next.js: 859ms, application-code: 1104ms)
 GET /users 200 in 1960ms (next.js: 799ms, application-code: 1161ms)
 GET /manifest.webmanifest 200 in 104ms (next.js: 93ms, application-code: 11ms)
 GET / 307 in 79ms (next.js: 60ms, application-code: 19ms)
[browser] Image with src "/logo.png" has either width or height modified, but not the other. If you use CSS to change the size of your image, also include the styles 'width: "auto"' or 'height: "auto"' to maintain the aspect ratio.
 GET /users 200 in 28ms (next.js: 6ms, application-code: 22ms)
 GET /manifest.webmanifest 200 in 7ms (next.js: 3ms, application-code: 3ms)
 GET /users 200 in 32ms (next.js: 7ms, application-code: 25ms)
 GET /manifest.webmanifest 200 in 5ms (next.js: 3ms, application-code: 2ms)
[browser] Image with src "/logo.png" has either width or height modified, but not the other. If you use CSS to change the size of your image, also include the styles 'width: "auto"' or 'height: "auto"' to maintain the aspect ratio.
 GET /users 200 in 54ms (next.js: 9ms, application-code: 45ms)
 GET /manifest.webmanifest 200 in 12ms (next.js: 9ms, application-code: 3ms)
[browser] Image with src "/logo.png" has either width or height modified, but not the other. If you use CSS to change the size of your image, also include the styles 'width: "auto"' or 'height: "auto"' to maintain the aspect ratio.
 GET /manifest.webmanifest 200 in 6ms (next.js: 4ms, application-code: 1697µs)
 GET /users 200 in 48ms (next.js: 1618µs, application-code: 46ms)
 GET /users 200 in 26ms (next.js: 1785µs, application-code: 24ms)
 GET /manifest.webmanifest 200 in 8ms (next.js: 5ms, application-code: 2ms)
[browser] Image with src "/logo.png" has either width or height modified, but not the other. If you use CSS to change the size of your image, also include the styles 'width: "auto"' or 'height: "auto"' to maintain the aspect ratio.
 GET /manifest.webmanifest 200 in 3ms (next.js: 1322µs, application-code: 1866µs)
 GET /users 200 in 38ms (next.js: 1942µs, application-code: 36ms)
 GET /users 200 in 23ms (next.js: 1483µs, application-code: 22ms)
 GET /manifest.webmanifest 200 in 3ms (next.js: 1044µs, application-code: 1620µs)
 GET /users 200 in 30ms (next.js: 1526µs, application-code: 29ms)
 GET /manifest.webmanifest 200 in 7ms (next.js: 5ms, application-code: 1548µs)
[browser] Image with src "/logo.png" has either width or height modified, but not the other. If you use CSS to change the size of your image, also include the styles 'width: "auto"' or 'height: "auto"' to maintain the aspect ratio.
[browser] The width(-1) and height(-1) of chart should be greater than 0,
       please check the style of container, or the props width(100%) and height(100%),
       or add a minWidth(0) or minHeight(undefined) or use aspect(undefined) to control the
       height and width.
[browser] The width(-1) and height(-1) of chart should be greater than 0,
       please check the style of container, or the props width(100%) and height(100%),
       or add a minWidth(0) or minHeight(undefined) or use aspect(undefined) to control the
       height and width.
 GET /users 200 in 57ms (next.js: 26ms, application-code: 31ms)
 GET /manifest.webmanifest 200 in 4ms (next.js: 1498µs, application-code: 3ms)
 GET /manifest.webmanifest 200 in 4ms (next.js: 3ms, application-code: 1322µs)
 GET /users 200 in 37ms (next.js: 1135µs, application-code: 35ms)
 GET /users 200 in 28ms (next.js: 6ms, application-code: 22ms)
 GET /manifest.webmanifest 200 in 3ms (next.js: 1531µs, application-code: 1672µs)
 GET /manifest.webmanifest 200 in 4ms (next.js: 3ms, application-code: 1557µs)
 GET /users 200 in 47ms (next.js: 1527µs, application-code: 46ms)
 GET /users 200 in 36ms (next.js: 1826µs, application-code: 35ms)
 GET /manifest.webmanifest 200 in 4ms (next.js: 1846µs, application-code: 1786µs)
 GET /users 200 in 25ms (next.js: 2ms, application-code: 23ms)
 GET /manifest.webmanifest 200 in 4ms (next.js: 1461µs, application-code: 2ms)
 GET /manifest.webmanifest 200 in 5ms (next.js: 2ms, application-code: 3ms)
 GET /users 200 in 47ms (next.js: 2ms, application-code: 45ms)
 GET /manifest.webmanifest 200 in 9ms (next.js: 3ms, application-code: 6ms)
 GET /users 200 in 55ms (next.js: 3ms, application-code: 52ms)
 GET /users 200 in 29ms (next.js: 2ms, application-code: 27ms)
 GET /manifest.webmanifest 200 in 4ms (next.js: 1686µs, application-code: 2ms)
[browser] Image with src "/logo.png" has either width or height modified, but not the other. If you use CSS to change the size of your image, also include the styles 'width: "auto"' or 'height: "auto"' to maintain the aspect ratio.
 GET /central-comunicacao 200 in 93ms (next.js: 83ms, application-code: 10ms)
 GET /manifest.webmanifest 200 in 4ms (next.js: 1548µs, application-code: 2ms)
✓ Compiled in 720ms
✓ Compiled in 64ms
✓ Compiled in 44ms
✓ Compiled in 71ms
Failed to proxy http://localhost:8001/api/v1/me/mentions AggregateError: 
    at ignore-listed frames {
  code: 'ECONNREFUSED',
  [errors]: [
    Error: connect ECONNREFUSED ::1:8001
        at <unknown> (Error: connect ECONNREFUSED ::1:8001) {
      errno: -61,
      code: 'ECONNREFUSED',
      syscall: 'connect',
      address: '::1',
      port: 8001
    },
    Error: connect ECONNREFUSED 127.0.0.1:8001
        at <unknown> (Error: connect ECONNREFUSED 127.0.0.1:8001) {
      errno: -61,
      code: 'ECONNREFUSED',
      syscall: 'connect',
      address: '127.0.0.1',
      port: 8001
    }
  ]
}
AggregateError: 
    at ignore-listed frames {
  code: 'ECONNREFUSED',
  [errors]: [
    Error: connect ECONNREFUSED ::1:8001
        at <unknown> (Error: connect ECONNREFUSED ::1:8001) {
      errno: -61,
      code: 'ECONNREFUSED',
      syscall: 'connect',
      address: '::1',
      port: 8001
    },
    Error: connect ECONNREFUSED 127.0.0.1:8001
        at <unknown> (Error: connect ECONNREFUSED 127.0.0.1:8001) {
      errno: -61,
      code: 'ECONNREFUSED',
      syscall: 'connect',
      address: '127.0.0.1',
      port: 8001
    }
  ]
}
 GET /central-comunicacao 200 in 106ms (next.js: 8ms, application-code: 98ms)
 GET /manifest.webmanifest 200 in 3ms (next.js: 1241µs, application-code: 1518µs)
[browser] Image with src "/logo.png" has either width or height modified, but not the other. If you use CSS to change the size of your image, also include the styles 'width: "auto"' or 'height: "auto"' to maintain the aspect ratio.
 GET /inicio 200 in 61ms (next.js: 47ms, application-code: 13ms)
 GET /manifest.webmanifest 200 in 4ms (next.js: 1795µs, application-code: 1999µs)
 GET /central-comunicacao 200 in 24ms (next.js: 6ms, application-code: 18ms)
 GET /manifest.webmanifest 200 in 8ms (next.js: 1497µs, application-code: 7ms)
 GET /users 200 in 31ms (next.js: 11ms, application-code: 20ms)
 GET /manifest.webmanifest 200 in 2ms (next.js: 792µs, application-code: 1439µs)
 GET /central-comunicacao 200 in 34ms (next.js: 7ms, application-code: 27ms)
 GET /manifest.webmanifest 200 in 4ms (next.js: 2ms, application-code: 2ms)
✓ Compiled in 166ms
 GET /inicio 200 in 51ms (next.js: 25ms, application-code: 25ms)
 GET /manifest.webmanifest 200 in 6ms (next.js: 3ms, application-code: 3ms)
 GET /inicio 200 in 73ms (next.js: 4ms, application-code: 69ms)
 GET /manifest.webmanifest 200 in 3ms (next.js: 1741µs, application-code: 1519µs)
[browser] Image with src "/logo.png" has either width or height modified, but not the other. If you use CSS to change the size of your image, also include the styles 'width: "auto"' or 'height: "auto"' to maintain the aspect ratio.
✓ Compiled in 77ms
✓ Compiled in 397ms
✓ Compiled in 39ms
 GET /portal-cliente 200 in 54ms (next.js: 10ms, application-code: 44ms)
[browser] Image with src "/logo.png" has either width or height modified, but not the other. If you use CSS to change the size of your image, also include the styles 'width: "auto"' or 'height: "auto"' to maintain the aspect ratio.
[browser] The width(-1) and height(-1) of chart should be greater than 0,
       please check the style of container, or the props width(100%) and height(100%),
       or add a minWidth(0) or minHeight(undefined) or use aspect(undefined) to control the
       height and width.
[browser] The width(-1) and height(-1) of chart should be greater than 0,
       please check the style of container, or the props width(100%) and height(100%),
       or add a minWidth(0) or minHeight(undefined) or use aspect(undefined) to control the
       height and width.
 GET /portal-cliente 200 in 31ms (next.js: 3ms, application-code: 28ms)
[browser] Image with src "/logo.png" has either width or height modified, but not the other. If you use CSS to change the size of your image, also include the styles 'width: "auto"' or 'height: "auto"' to maintain the aspect ratio.
[browser] The width(-1) and height(-1) of chart should be greater than 0,
       please check the style of container, or the props width(100%) and height(100%),
       or add a minWidth(0) or minHeight(undefined) or use aspect(undefined) to control the
       height and width.
[browser] The width(-1) and height(-1) of chart should be greater than 0,
       please check the style of container, or the props width(100%) and height(100%),
       or add a minWidth(0) or minHeight(undefined) or use aspect(undefined) to control the
       height and width.
 GET /portal-cliente 200 in 38ms (next.js: 3ms, application-code: 35ms)
[browser] Image with src "/logo.png" has either width or height modified, but not the other. If you use CSS to change the size of your image, also include the styles 'width: "auto"' or 'height: "auto"' to maintain the aspect ratio.
[browser] The width(-1) and height(-1) of chart should be greater than 0,
       please check the style of container, or the props width(100%) and height(100%),
       or add a minWidth(0) or minHeight(undefined) or use aspect(undefined) to control the
       height and width.
[browser] The width(-1) and height(-1) of chart should be greater than 0,
       please check the style of container, or the props width(100%) and height(100%),
       or add a minWidth(0) or minHeight(undefined) or use aspect(undefined) to control the
       height and width.
 GET /comunicados 200 in 53ms (next.js: 36ms, application-code: 17ms)
 GET /contratos/pipeline 200 in 43ms (next.js: 28ms, application-code: 15ms)
 GET /help-desk/portal 200 in 42ms (next.js: 24ms, application-code: 17ms)
 GET /contratos/pipeline 200 in 9ms (next.js: 1731µs, application-code: 7ms)
 GET /comunicados 200 in 6ms (next.js: 1146µs, application-code: 5ms)
 GET /portal-cliente 200 in 22ms (next.js: 4ms, application-code: 19ms)
[browser] The width(-1) and height(-1) of chart should be greater than 0,
       please check the style of container, or the props width(100%) and height(100%),
       or add a minWidth(0) or minHeight(undefined) or use aspect(undefined) to control the
       height and width.
[browser] The width(-1) and height(-1) of chart should be greater than 0,
       please check the style of container, or the props width(100%) and height(100%),
       or add a minWidth(0) or minHeight(undefined) or use aspect(undefined) to control the
       height and width.
 GET /comunicados 200 in 20ms (next.js: 4ms, application-code: 16ms)
 GET /central-comunicacao 200 in 28ms (next.js: 7ms, application-code: 21ms)
 GET /manifest.webmanifest 200 in 7ms (next.js: 1773µs, application-code: 5ms)
 GET /inicio 200 in 13ms (next.js: 5ms, application-code: 8ms)
 GET /manifest.webmanifest 200 in 3ms (next.js: 1095µs, application-code: 1841µs)
 GET /central-comunicacao 200 in 32ms (next.js: 8ms, application-code: 24ms)
 GET /manifest.webmanifest 200 in 4ms (next.js: 2ms, application-code: 1854µs)
 GET /contratos/pipeline 200 in 38ms (next.js: 10ms, application-code: 28ms)
(node:76442) Warning: `--localstorage-file` was provided without a valid path
(Use `node --trace-warnings ...` to show where the warning was created)
 GET /contratos/pipeline 200 in 388ms (next.js: 3ms, application-code: 385ms)
[browser] Image with src "/logo.png" has either width or height modified, but not the other. If you use CSS to change the size of your image, also include the styles 'width: "auto"' or 'height: "auto"' to maintain the aspect ratio.
 GET /contratos/pipeline 200 in 45ms (next.js: 3ms, application-code: 42ms)
[browser] Image with src "/logo.png" has either width or height modified, but not the other. If you use CSS to change the size of your image, also include the styles 'width: "auto"' or 'height: "auto"' to maintain the aspect ratio.
 GET /contratos/pipeline 200 in 39ms (next.js: 3ms, application-code: 36ms)
[browser] Image with src "/logo.png" has either width or height modified, but not the other. If you use CSS to change the size of your image, also include the styles 'width: "auto"' or 'height: "auto"' to maintain the aspect ratio.
 GET /contratos/pipeline 200 in 41ms (next.js: 3ms, application-code: 37ms)
[browser] Image with src "/logo.png" has either width or height modified, but not the other. If you use CSS to change the size of your image, also include the styles 'width: "auto"' or 'height: "auto"' to maintain the aspect ratio.
 GET /contratos/pipeline 200 in 44ms (next.js: 3ms, application-code: 42ms)
[browser] Image with src "/logo.png" has either width or height modified, but not the other. If you use CSS to change the size of your image, also include the styles 'width: "auto"' or 'height: "auto"' to maintain the aspect ratio.
 GET /contratos/pipeline 200 in 41ms (next.js: 3ms, application-code: 38ms)
[browser] Image with src "/logo.png" has either width or height modified, but not the other. If you use CSS to change the size of your image, also include the styles 'width: "auto"' or 'height: "auto"' to maintain the aspect ratio.
 GET /contratos/pipeline 200 in 42ms (next.js: 4ms, application-code: 38ms)
[browser] Image with src "/logo.png" has either width or height modified, but not the other. If you use CSS to change the size of your image, also include the styles 'width: "auto"' or 'height: "auto"' to maintain the aspect ratio.
 GET /contratos/pipeline 200 in 39ms (next.js: 3ms, application-code: 36ms)
[browser] Image with src "/logo.png" has either width or height modified, but not the other. If you use CSS to change the size of your image, also include the styles 'width: "auto"' or 'height: "auto"' to maintain the aspect ratio.
 GET /contratos/pipeline 200 in 19ms (next.js: 1778µs, application-code: 17ms)
[browser] Image with src "/logo.png" has either width or height modified, but not the other. If you use CSS to change the size of your image, also include the styles 'width: "auto"' or 'height: "auto"' to maintain the aspect ratio.
 GET /contratos/pipeline 200 in 33ms (next.js: 1897µs, application-code: 31ms)
[browser] Image with src "/logo.png" has either width or height modified, but not the other. If you use CSS to change the size of your image, also include the styles 'width: "auto"' or 'height: "auto"' to maintain the aspect ratio.
✓ Compiled in 753ms
⚠ Fast Refresh had to perform a full reload when ./src/app/inicio/page.tsx changed. Read more: https://nextjs.org/docs/messages/fast-refresh-reload
 GET /central-comunicacao 200 in 231ms (next.js: 52ms, application-code: 179ms)
 GET /central-comunicacao 200 in 20ms (next.js: 2ms, application-code: 17ms)
 GET /contratos/pipeline 200 in 239ms (next.js: 70ms, application-code: 169ms)
 GET /contratos/pipeline 200 in 28ms (next.js: 8ms, application-code: 20ms)
 GET /central-comunicacao 200 in 157ms (next.js: 2ms, application-code: 154ms)
 GET /contratos/pipeline 200 in 9ms (next.js: 1020µs, application-code: 8ms)
 GET /manifest.webmanifest 200 in 29ms (next.js: 25ms, application-code: 4ms)
✓ Compiled in 478ms
[browser] Image with src "/logo.png" has either width or height modified, but not the other. If you use CSS to change the size of your image, also include the styles 'width: "auto"' or 'height: "auto"' to maintain the aspect ratio.
 GET /meu-painel 200 in 71ms (next.js: 40ms, application-code: 31ms)
 GET /manifest.webmanifest 200 in 15ms (next.js: 2ms, application-code: 13ms)
 GET /inicio 200 in 34ms (next.js: 17ms, application-code: 17ms)
 GET /manifest.webmanifest 200 in 3ms (next.js: 1025µs, application-code: 2ms)
 GET /contratos/pipeline 200 in 134ms (next.js: 12ms, application-code: 122ms)
[browser] Image with src "/logo.png" has either width or height modified, but not the other. If you use CSS to change the size of your image, also include the styles 'width: "auto"' or 'height: "auto"' to maintain the aspect ratio.
✓ Compiled in 252ms
 GET /contratos/pipeline 200 in 87ms (next.js: 41ms, application-code: 46ms)
[browser] Image with src "/logo.png" has either width or height modified, but not the other. If you use CSS to change the size of your image, also include the styles 'width: "auto"' or 'height: "auto"' to maintain the aspect ratio.
 GET /contratos/pipeline 200 in 46ms (next.js: 5ms, application-code: 42ms)
[browser] Image with src "/logo.png" has either width or height modified, but not the other. If you use CSS to change the size of your image, also include the styles 'width: "auto"' or 'height: "auto"' to maintain the aspect ratio.
 GET /contratos/pipeline 200 in 41ms (next.js: 6ms, application-code: 35ms)
[browser] Image with src "/logo.png" has either width or height modified, but not the other. If you use CSS to change the size of your image, also include the styles 'width: "auto"' or 'height: "auto"' to maintain the aspect ratio.
✓ Compiled in 379ms
 GET /contratos/pipeline 200 in 60ms (next.js: 17ms, application-code: 43ms)
[browser] Image with src "/logo.png" has either width or height modified, but not the other. If you use CSS to change the size of your image, also include the styles 'width: "auto"' or 'height: "auto"' to maintain the aspect ratio.
✓ Compiled in 183ms
 GET /contratos/pipeline 200 in 79ms (next.js: 27ms, application-code: 52ms)
[browser] Image with src "/logo.png" has either width or height modified, but not the other. If you use CSS to change the size of your image, also include the styles 'width: "auto"' or 'height: "auto"' to maintain the aspect ratio.
 GET /comunicados 200 in 53ms (next.js: 28ms, application-code: 26ms)
✓ Compiled in 1073ms
✓ Compiled in 72ms
✓ Compiled in 44ms
✓ Compiled in 36ms
✓ Compiled in 41ms
✓ Compiled in 233ms
 GET /inicio 200 in 126ms (next.js: 49ms, application-code: 77ms)
 GET /comunicados 200 in 127ms (next.js: 69ms, application-code: 58ms)
 GET /comunicados 200 in 19ms (next.js: 1197µs, application-code: 18ms)
 GET /comunicados 200 in 12ms (next.js: 1617µs, application-code: 11ms)
 GET /inicio 200 in 30ms (next.js: 2ms, application-code: 28ms)
 GET /inicio 200 in 17ms (next.js: 3ms, application-code: 14ms)
 GET /manifest.webmanifest 200 in 28ms (next.js: 24ms, application-code: 3ms)
 GET /inicio 200 in 201ms (next.js: 8ms, application-code: 194ms)
 GET /manifest.webmanifest 200 in 11ms (next.js: 9ms, application-code: 1636µs)
[browser] Image with src "/logo.png" has either width or height modified, but not the other. If you use CSS to change the size of your image, also include the styles 'width: "auto"' or 'height: "auto"' to maintain the aspect ratio.
✓ Compiled in 110ms
 GET /inicio 200 in 49ms (next.js: 3ms, application-code: 46ms)
 GET /comunicados 200 in 49ms (next.js: 41ms, application-code: 8ms)
 GET /manifest.webmanifest 200 in 6ms (next.js: 3ms, application-code: 4ms)
✓ Compiled in 46ms
✓ Compiled in 45ms
✓ Compiled in 36ms
✓ Compiled in 295ms
 GET /inicio 200 in 119ms (next.js: 63ms, application-code: 56ms)
 GET /comunicados 200 in 120ms (next.js: 45ms, application-code: 75ms)
 GET /comunicados 200 in 47ms (next.js: 1767µs, application-code: 45ms)
 GET /inicio 200 in 47ms (next.js: 15ms, application-code: 32ms)
 GET /comunicados 200 in 15ms (next.js: 1075µs, application-code: 14ms)
 GET /inicio 200 in 14ms (next.js: 7ms, application-code: 7ms)
 GET /manifest.webmanifest 200 in 24ms (next.js: 21ms, application-code: 3ms)
[browser] [GlobalError] ReferenceError: useRouter is not defined
    at NotificationAdmin (file:///Users/ricardooliveira/PROJETOS/Minutor-Replica/Frontend-v2/.next/dev/static/chunks/src_01t3g9i._.js?id=%255Bproject%255D%252Fsrc%252Fcomponents%252Fnotifications%252Fnotification-admin.tsx+%255Bapp-client%255D+%2528ecmascript%2529:103:20)
    at Set.forEach (<anonymous>) (src/app/error.tsx:13:13)
[browser] [GlobalError] ReferenceError: useRouter is not defined
    at NotificationAdmin (file:///Users/ricardooliveira/PROJETOS/Minutor-Replica/Frontend-v2/.next/dev/static/chunks/src_01t3g9i._.js?id=%255Bproject%255D%252Fsrc%252Fcomponents%252Fnotifications%252Fnotification-admin.tsx+%255Bapp-client%255D+%2528ecmascript%2529:103:20)
    at Set.forEach (<anonymous>) (src/app/error.tsx:13:13)
 GET /inicio 200 in 152ms (next.js: 5ms, application-code: 147ms)
 GET /manifest.webmanifest 200 in 20ms (next.js: 19ms, application-code: 1698µs)
[browser] Image with src "/logo.png" has either width or height modified, but not the other. If you use CSS to change the size of your image, also include the styles 'width: "auto"' or 'height: "auto"' to maintain the aspect ratio.
✓ Compiled in 65ms
✓ Compiled in 48ms
✓ Compiled in 70ms
✓ Compiled in 154ms
✓ Compiled in 37ms
✓ Compiled in 147ms
✓ Compiled in 37ms
✓ Compiled in 35ms
[browser] [GlobalError] Error: Objects are not valid as a React child (found: object with keys {label, count, urgent}). If you meant to render a collection of children, use an array instead.
    at Set.forEach (<anonymous>) (src/app/error.tsx:13:13)
[browser] [GlobalError] Error: Objects are not valid as a React child (found: object with keys {label, count, urgent}). If you meant to render a collection of children, use an array instead.
    at Set.forEach (<anonymous>) (src/app/error.tsx:13:13)
 GET /inicio 200 in 60ms (next.js: 13ms, application-code: 47ms)
 GET /manifest.webmanifest 200 in 5ms (next.js: 1586µs, application-code: 3ms)
[browser] Image with src "/logo.png" has either width or height modified, but not the other. If you use CSS to change the size of your image, also include the styles 'width: "auto"' or 'height: "auto"' to maintain the aspect ratio.
✓ Compiled in 271ms
✓ Compiled in 42ms
✓ Compiled in 40ms
✓ Compiled in 34ms
[browser] [GlobalError] ReferenceError: Users is not defined
    at eval (src/app/inicio/page.tsx:205:89)
    at Array.map (<anonymous>)
    at MeuDiaPage (src/app/inicio/page.tsx:202:48)
    at Set.forEach (<anonymous>)
  203 | ...() => setView(v)} className="text-xs px-3 py-1 rounded-md font-medium inline-flex item...
  204 | ...ew === v ? 'var(--surface)' : 'transparent', color: view === v ? 'var(--primary)' : 'v...
> 205 | ...Checks size={13} /> Minhas tarefas</> : <><Users size={13} /> Equipe</>}
      |                                               ^
  206 | ...
  207 | ...
  208 | ... (src/app/error.tsx:13:13)
[browser] [GlobalError] ReferenceError: Users is not defined
    at eval (src/app/inicio/page.tsx:205:89)
    at Array.map (<anonymous>)
    at MeuDiaPage (src/app/inicio/page.tsx:202:48)
    at Set.forEach (<anonymous>)
  203 | ...() => setView(v)} className="text-xs px-3 py-1 rounded-md font-medium inline-flex item...
  204 | ...ew === v ? 'var(--surface)' : 'transparent', color: view === v ? 'var(--primary)' : 'v...
> 205 | ...Checks size={13} /> Minhas tarefas</> : <><Users size={13} /> Equipe</>}
      |                                               ^
  206 | ...
  207 | ...
  208 | ... (src/app/error.tsx:13:13)
✓ Compiled in 36ms
✓ Compiled in 35ms
✓ Compiled in 168ms
[browser] ./src/app/inicio/page.tsx:297:13
Expected '</', got 'ident'
  295 |               </>
  296 |             )}
> 297 |           </div>
      |             ^^^
  298 |
  299 |           <div ref={agendaRef} className="w-full lg:w-[30%] lg:shrink-0 space-y-4 lg:stic...
  300 |             <AgendaSidebar key={agendaKey} selectedDate={selectedDate} onSelectDate={setS...

Parsing ecmascript source code failed

Import traces:
  Client Component Browser:
    ./src/app/inicio/page.tsx [Client Component Browser]
    ./src/app/inicio/page.tsx [Server Component]

  Client Component SSR:
    ./src/app/inicio/page.tsx [Client Component SSR]
    ./src/app/inicio/page.tsx [Server Component] 
[browser] ./src/app/inicio/page.tsx:297:13
Expected '</', got 'ident'
  295 |               </>
  296 |             )}
> 297 |           </div>
      |             ^^^
  298 |
  299 |           <div ref={agendaRef} className="w-full lg:w-[30%] lg:shrink-0 space-y-4 lg:stic...
  300 |             <AgendaSidebar key={agendaKey} selectedDate={selectedDate} onSelectDate={setS...

Parsing ecmascript source code failed

Import traces:
  Client Component Browser:
    ./src/app/inicio/page.tsx [Client Component Browser]
    ./src/app/inicio/page.tsx [Server Component]

  Client Component SSR:
    ./src/app/inicio/page.tsx [Client Component SSR]
    ./src/app/inicio/page.tsx [Server Component] 
✓ Compiled in 98ms
 GET /comunicados 200 in 165ms (next.js: 9ms, application-code: 156ms)
 GET /comunicados 200 in 90ms (next.js: 32ms, application-code: 57ms)
 GET /inicio 200 in 89ms (next.js: 47ms, application-code: 43ms)
 GET /comunicados 200 in 44ms (next.js: 1209µs, application-code: 42ms)
 GET /comunicados 200 in 38ms (next.js: 913µs, application-code: 37ms)
 GET /comunicados 200 in 52ms (next.js: 1386µs, application-code: 51ms)
 GET /comunicados 200 in 51ms (next.js: 1397µs, application-code: 49ms)
 GET /inicio 200 in 47ms (next.js: 2ms, application-code: 45ms)
 GET /inicio 200 in 41ms (next.js: 1598µs, application-code: 39ms)
 GET /inicio 200 in 30ms (next.js: 1490µs, application-code: 29ms)
 GET /inicio 200 in 20ms (next.js: 2ms, application-code: 17ms)
 GET /inicio 200 in 10ms (next.js: 1001µs, application-code: 9ms)
 GET /manifest.webmanifest 200 in 20ms (next.js: 17ms, application-code: 3ms)
 GET /inicio 200 in 183ms (next.js: 4ms, application-code: 179ms)
 GET /inicio 200 in 51ms (next.js: 6ms, application-code: 45ms)
 GET /manifest.webmanifest 200 in 7ms (next.js: 4ms, application-code: 2ms)
[browser] Image with src "/logo.png" has either width or height modified, but not the other. If you use CSS to change the size of your image, also include the styles 'width: "auto"' or 'height: "auto"' to maintain the aspect ratio.
[browser] ./src/app/inicio/page.tsx:297:13
Expected '</', got 'ident'
  295 |               </>
  296 |             )}
> 297 |           </div>
      |             ^^^
  298 |
  299 |           <div ref={agendaRef} className="w-full lg:w-[30%] lg:shrink-0 space-y-4 lg:stic...
  300 |             <AgendaSidebar key={agendaKey} selectedDate={selectedDate} onSelectDate={setS...

Parsing ecmascript source code failed

Import traces:
  Client Component Browser:
    ./src/app/inicio/page.tsx [Client Component Browser]
    ./src/app/inicio/page.tsx [Server Component]

  Client Component SSR:
    ./src/app/inicio/page.tsx [Client Component SSR]
    ./src/app/inicio/page.tsx [Server Component] 
[browser] ./src/app/inicio/page.tsx:297:13
Expected '</', got 'ident'
  295 |               </>
  296 |             )}
> 297 |           </div>
      |             ^^^
  298 |
  299 |           <div ref={agendaRef} className="w-full lg:w-[30%] lg:shrink-0 space-y-4 lg:stic...
  300 |             <AgendaSidebar key={agendaKey} selectedDate={selectedDate} onSelectDate={setS...

Parsing ecmascript source code failed

Import traces:
  Client Component Browser:
    ./src/app/inicio/page.tsx [Client Component Browser]
    ./src/app/inicio/page.tsx [Server Component]

  Client Component SSR:
    ./src/app/inicio/page.tsx [Client Component SSR]
    ./src/app/inicio/page.tsx [Server Component] 
 GET /comunicados 200 in 89ms (next.js: 9ms, application-code: 80ms)
[browser] Image with src "/logo.png" has either width or height modified, but not the other. If you use CSS to change the size of your image, also include the styles 'width: "auto"' or 'height: "auto"' to maintain the aspect ratio.
 GET /users 200 in 38ms (next.js: 17ms, application-code: 20ms)
 GET /manifest.webmanifest 200 in 6ms (next.js: 1559µs, application-code: 4ms)
 GET /comunicados 200 in 48ms (next.js: 8ms, application-code: 40ms)
[browser] Image with src "/logo.png" has either width or height modified, but not the other. If you use CSS to change the size of your image, also include the styles 'width: "auto"' or 'height: "auto"' to maintain the aspect ratio.
 GET /comunicados 200 in 38ms (next.js: 3ms, application-code: 35ms)
[browser] Image with src "/logo.png" has either width or height modified, but not the other. If you use CSS to change the size of your image, also include the styles 'width: "auto"' or 'height: "auto"' to maintain the aspect ratio.
 GET /comunicados 200 in 39ms (next.js: 3ms, application-code: 36ms)
[browser] Image with src "/logo.png" has either width or height modified, but not the other. If you use CSS to change the size of your image, also include the styles 'width: "auto"' or 'height: "auto"' to maintain the aspect ratio.
 GET /comunicados 200 in 36ms (next.js: 1690µs, application-code: 34ms)
[browser] Image with src "/logo.png" has either width or height modified, but not the other. If you use CSS to change the size of your image, also include the styles 'width: "auto"' or 'height: "auto"' to maintain the aspect ratio.
 GET /comunicados 200 in 17ms (next.js: 1806µs, application-code: 15ms)
[browser] Image with src "/logo.png" has either width or height modified, but not the other. If you use CSS to change the size of your image, also include the styles 'width: "auto"' or 'height: "auto"' to maintain the aspect ratio.
 GET /comunicados 200 in 16ms (next.js: 1377µs, application-code: 15ms)
[browser] Image with src "/logo.png" has either width or height modified, but not the other. If you use CSS to change the size of your image, also include the styles 'width: "auto"' or 'height: "auto"' to maintain the aspect ratio.
 GET /comunicados 200 in 16ms (next.js: 1240µs, application-code: 15ms)
[browser] Image with src "/logo.png" has either width or height modified, but not the other. If you use CSS to change the size of your image, also include the styles 'width: "auto"' or 'height: "auto"' to maintain the aspect ratio.
 GET /portal-cliente 200 in 25ms (next.js: 14ms, application-code: 11ms)
[browser] The width(-1) and height(-1) of chart should be greater than 0,
       please check the style of container, or the props width(100%) and height(100%),
       or add a minWidth(0) or minHeight(undefined) or use aspect(undefined) to control the
       height and width.
[browser] The width(-1) and height(-1) of chart should be greater than 0,
       please check the style of container, or the props width(100%) and height(100%),
       or add a minWidth(0) or minHeight(undefined) or use aspect(undefined) to control the
       height and width.
 GET /portal-cliente 200 in 132ms (next.js: 3ms, application-code: 129ms)
[browser] Image with src "/logo.png" has either width or height modified, but not the other. If you use CSS to change the size of your image, also include the styles 'width: "auto"' or 'height: "auto"' to maintain the aspect ratio.
 GET /portal-cliente 200 in 41ms (next.js: 1626µs, application-code: 39ms)
[browser] Image with src "/logo.png" has either width or height modified, but not the other. If you use CSS to change the size of your image, also include the styles 'width: "auto"' or 'height: "auto"' to maintain the aspect ratio.
 GET /portal-cliente 200 in 22ms (next.js: 1817µs, application-code: 20ms)
[browser] Image with src "/logo.png" has either width or height modified, but not the other. If you use CSS to change the size of your image, also include the styles 'width: "auto"' or 'height: "auto"' to maintain the aspect ratio.
[browser] The width(-1) and height(-1) of chart should be greater than 0,
       please check the style of container, or the props width(100%) and height(100%),
       or add a minWidth(0) or minHeight(undefined) or use aspect(undefined) to control the
       height and width.
[browser] The width(-1) and height(-1) of chart should be greater than 0,
       please check the style of container, or the props width(100%) and height(100%),
       or add a minWidth(0) or minHeight(undefined) or use aspect(undefined) to control the
       height and width.
 GET /meu-painel 200 in 24ms (next.js: 13ms, application-code: 11ms)
 GET /manifest.webmanifest 200 in 15ms (next.js: 2ms, application-code: 12ms)
 GET /meu-painel 200 in 286ms (next.js: 4ms, application-code: 282ms)
 GET /manifest.webmanifest 200 in 9ms (next.js: 7ms, application-code: 1938µs)
[browser] Image with src "/logo.png" has either width or height modified, but not the other. If you use CSS to change the size of your image, also include the styles 'width: "auto"' or 'height: "auto"' to maintain the aspect ratio.
 GET /inicio 200 in 23ms (next.js: 5ms, application-code: 19ms)
 GET /manifest.webmanifest 200 in 3ms (next.js: 1065µs, application-code: 1588µs)
 GET /inicio 200 in 46ms (next.js: 4ms, application-code: 41ms)
 GET /manifest.webmanifest 200 in 4ms (next.js: 1288µs, application-code: 3ms)
[browser] Image with src "/logo.png" has either width or height modified, but not the other. If you use CSS to change the size of your image, also include the styles 'width: "auto"' or 'height: "auto"' to maintain the aspect ratio.
 GET /profile 200 in 1342ms (next.js: 1334ms, application-code: 8ms)
 GET /manifest.webmanifest 200 in 3ms (next.js: 1494µs, application-code: 1975µs)
[browser] The width(-1) and height(-1) of chart should be greater than 0,
       please check the style of container, or the props width(100%) and height(100%),
       or add a minWidth(0) or minHeight(undefined) or use aspect(undefined) to control the
       height and width.
[browser] The width(-1) and height(-1) of chart should be greater than 0,
       please check the style of container, or the props width(100%) and height(100%),
       or add a minWidth(0) or minHeight(undefined) or use aspect(undefined) to control the
       height and width.
 POST /api/auth/logout 200 in 108ms (next.js: 74ms, application-code: 34ms)
 GET /login 200 in 26ms (next.js: 14ms, application-code: 12ms)
 GET /login 200 in 6ms (next.js: 784µs, application-code: 5ms)
 POST /api/auth/login 200 in 288ms (next.js: 45ms, application-code: 243ms)
 GET /inicio 200 in 7ms (next.js: 1621µs, application-code: 6ms)
 GET /dashboard 200 in 24ms (next.js: 15ms, application-code: 10ms)
[browser] ⨯ unhandledRejection: ApiError: Central de Notificações disponível apenas para usuários internos.
    at request (src/lib/api.ts:77:11)
  75 |     const details = body.details
  76 |     const detailsMsg = Array.isArray(details) ? details.join('; ') : (typeof details === '...
> 77 |     throw new ApiError(res.status, detailsMsg ?? body.detailMessage ?? body.message ?? `Er...
     |           ^
  78 |   }
  79 |
  80 |   if (res.status === 204) return undefined as T
 GET /dashboard 200 in 12ms (next.js: 1407µs, application-code: 10ms)
[browser] ⨯ unhandledRejection: ApiError: Central de Notificações disponível apenas para usuários internos.
    at request (src/lib/api.ts:77:11)
  75 |     const details = body.details
  76 |     const detailsMsg = Array.isArray(details) ? details.join('; ') : (typeof details === '...
> 77 |     throw new ApiError(res.status, detailsMsg ?? body.detailMessage ?? body.message ?? `Er...
     |           ^
  78 |   }
  79 |
  80 |   if (res.status === 204) return undefined as T
 GET /portal-cliente 200 in 10ms (next.js: 3ms, application-code: 8ms)
 GET /portal-cliente 200 in 11ms (next.js: 1841µs, application-code: 9ms)
[browser] The width(-1) and height(-1) of chart should be greater than 0,
       please check the style of container, or the props width(100%) and height(100%),
       or add a minWidth(0) or minHeight(undefined) or use aspect(undefined) to control the
       height and width.
[browser] The width(-1) and height(-1) of chart should be greater than 0,
       please check the style of container, or the props width(100%) and height(100%),
       or add a minWidth(0) or minHeight(undefined) or use aspect(undefined) to control the
       height and width.
 POST /api/auth/logout 200 in 71ms (next.js: 9ms, application-code: 62ms)
 GET /login 200 in 16ms (next.js: 3ms, application-code: 13ms)
 GET /login 200 in 11ms (next.js: 2ms, application-code: 8ms)
 GET /manifest.webmanifest 200 in 9ms (next.js: 7ms, application-code: 1856µs)
 POST /api/auth/login 200 in 247ms (next.js: 3ms, application-code: 244ms)
 GET /inicio 200 in 9ms (next.js: 2ms, application-code: 7ms)
 GET /dashboard 200 in 29ms (next.js: 3ms, application-code: 26ms)
[browser] ⨯ unhandledRejection: ApiError: Central de Notificações disponível apenas para usuários internos.
    at request (src/lib/api.ts:77:11)
  75 |     const details = body.details
  76 |     const detailsMsg = Array.isArray(details) ? details.join('; ') : (typeof details === '...
> 77 |     throw new ApiError(res.status, detailsMsg ?? body.detailMessage ?? body.message ?? `Er...
     |           ^
  78 |   }
  79 |
  80 |   if (res.status === 204) return undefined as T
[browser] ⨯ unhandledRejection: ApiError: Central de Notificações disponível apenas para usuários internos.
    at request (src/lib/api.ts:77:11)
  75 |     const details = body.details
  76 |     const detailsMsg = Array.isArray(details) ? details.join('; ') : (typeof details === '...
> 77 |     throw new ApiError(res.status, detailsMsg ?? body.detailMessage ?? body.message ?? `Er...
     |           ^
  78 |   }
  79 |
  80 |   if (res.status === 204) return undefined as T
 GET /dashboard 200 in 14ms (next.js: 2ms, application-code: 12ms)
 GET /manifest.webmanifest 200 in 8ms (next.js: 1812µs, application-code: 6ms)
 GET /portal-cliente 200 in 24ms (next.js: 3ms, application-code: 21ms)
 GET /manifest.webmanifest 200 in 3ms (next.js: 1217µs, application-code: 1495µs)
 GET /portal-cliente 200 in 18ms (next.js: 1252µs, application-code: 17ms)
[browser] The width(-1) and height(-1) of chart should be greater than 0,
       please check the style of container, or the props width(100%) and height(100%),
       or add a minWidth(0) or minHeight(undefined) or use aspect(undefined) to control the
       height and width.
[browser] The width(-1) and height(-1) of chart should be greater than 0,
       please check the style of container, or the props width(100%) and height(100%),
       or add a minWidth(0) or minHeight(undefined) or use aspect(undefined) to control the
       height and width.
 GET /manifest.webmanifest 200 in 4ms (next.js: 1810µs, application-code: 2ms)
[browser] The width(-1) and height(-1) of chart should be greater than 0,
       please check the style of container, or the props width(100%) and height(100%),
       or add a minWidth(0) or minHeight(undefined) or use aspect(undefined) to control the
       height and width.
[browser] The width(-1) and height(-1) of chart should be greater than 0,
       please check the style of container, or the props width(100%) and height(100%),
       or add a minWidth(0) or minHeight(undefined) or use aspect(undefined) to control the
       height and width.
 POST /api/auth/logout 200 in 58ms (next.js: 5ms, application-code: 54ms)
 GET /login 200 in 23ms (next.js: 3ms, application-code: 21ms)
 GET /login 200 in 12ms (next.js: 1253µs, application-code: 11ms)
 GET /manifest.webmanifest 200 in 3ms (next.js: 1029µs, application-code: 1691µs)
 POST /api/auth/login 200 in 243ms (next.js: 6ms, application-code: 237ms)
 GET /inicio 200 in 7ms (next.js: 1687µs, application-code: 6ms)
 GET /manifest.webmanifest 200 in 5ms (next.js: 1482µs, application-code: 4ms)
 GET /meu-painel 200 in 24ms (next.js: 5ms, application-code: 19ms)
 GET /manifest.webmanifest 200 in 3ms (next.js: 1427µs, application-code: 1660µs)
 GET /inicio 200 in 24ms (next.js: 3ms, application-code: 21ms)
 GET /manifest.webmanifest 200 in 3ms (next.js: 1497µs, application-code: 1870µs)
 POST /api/auth/logout 200 in 24ms (next.js: 3ms, application-code: 20ms)
 POST /api/auth/logout 200 in 24ms (next.js: 1449µs, application-code: 23ms)
 POST /api/auth/logout 200 in 24ms (next.js: 6ms, application-code: 19ms)
 GET /login 200 in 31ms (next.js: 1064µs, application-code: 30ms)
 GET /login 200 in 28ms (next.js: 12ms, application-code: 16ms)
 GET /inicio 200 in 56ms (next.js: 9ms, application-code: 46ms)
 GET /manifest.webmanifest 200 in 6ms (next.js: 3ms, application-code: 4ms)
[browser] Image with src "/logo.png" has either width or height modified, but not the other. If you use CSS to change the size of your image, also include the styles 'width: "auto"' or 'height: "auto"' to maintain the aspect ratio.
 GET /users 200 in 32ms (next.js: 9ms, application-code: 22ms)
 GET /manifest.webmanifest 200 in 3ms (next.js: 1654µs, application-code: 1743µs)
[browser] Image with src "/logo.png" has either width or height modified, but not the other. If you use CSS to change the size of your image, also include the styles 'width: "auto"' or 'height: "auto"' to maintain the aspect ratio.
 POST /api/auth/login 200 in 250ms (next.js: 6ms, application-code: 244ms)
 GET /inicio 200 in 11ms (next.js: 2ms, application-code: 8ms)
 GET /profile 200 in 30ms (next.js: 12ms, application-code: 18ms)
✓ Compiled in 66ms
✓ Compiled in 248ms
 GET /profile 200 in 138ms (next.js: 41ms, application-code: 97ms)
 GET /users 200 in 138ms (next.js: 63ms, application-code: 75ms)
 GET /profile 200 in 60ms (next.js: 1959µs, application-code: 58ms)
 GET /users 200 in 60ms (next.js: 18ms, application-code: 42ms)
 GET /profile 200 in 31ms (next.js: 3ms, application-code: 29ms)
 GET /users 200 in 8ms (next.js: 1302µs, application-code: 7ms)
 GET /manifest.webmanifest 200 in 23ms (next.js: 20ms, application-code: 3ms)
✓ Compiled in 55ms
 GET /profile 200 in 199ms (next.js: 11ms, application-code: 188ms)
 GET /profile 200 in 57ms (next.js: 10ms, application-code: 47ms)
[browser] Image with src "/logo.png" has either width or height modified, but not the other. If you use CSS to change the size of your image, also include the styles 'width: "auto"' or 'height: "auto"' to maintain the aspect ratio.
Failed to proxy http://localhost:8001/api/v1/notifications/stream AggregateError: 
    at ignore-listed frames {
  code: 'ECONNREFUSED',
  [errors]: [
    Error: connect ECONNREFUSED ::1:8001
        at <unknown> (Error: connect ECONNREFUSED ::1:8001) {
      errno: -61,
      code: 'ECONNREFUSED',
      syscall: 'connect',
      address: '::1',
      port: 8001
    },
    Error: connect ECONNREFUSED 127.0.0.1:8001
        at <unknown> (Error: connect ECONNREFUSED 127.0.0.1:8001) {
      errno: -61,
      code: 'ECONNREFUSED',
      syscall: 'connect',
      address: '127.0.0.1',
      port: 8001
    }
  ]
}
AggregateError: 
    at ignore-listed frames {
  code: 'ECONNREFUSED',
  [errors]: [
    Error: connect ECONNREFUSED ::1:8001
        at <unknown> (Error: connect ECONNREFUSED ::1:8001) {
      errno: -61,
      code: 'ECONNREFUSED',
      syscall: 'connect',
      address: '::1',
      port: 8001
    },
    Error: connect ECONNREFUSED 127.0.0.1:8001
        at <unknown> (Error: connect ECONNREFUSED 127.0.0.1:8001) {
      errno: -61,
      code: 'ECONNREFUSED',
      syscall: 'connect',
      address: '127.0.0.1',
      port: 8001
    }
  ]
}
✓ Compiled in 87ms
✓ Compiled in 57ms
✓ Compiled in 35ms
✓ Compiled in 37ms
✓ Compiled in 215ms
 GET /profile 200 in 103ms (next.js: 80ms, application-code: 23ms)
 GET /users 200 in 104ms (next.js: 39ms, application-code: 64ms)
 GET /profile 200 in 16ms (next.js: 8ms, application-code: 8ms)
 GET /users 200 in 16ms (next.js: 1061µs, application-code: 15ms)
 GET /manifest.webmanifest 200 in 42ms (next.js: 39ms, application-code: 3ms)
✓ Compiled in 34ms
✓ Compiled in 118ms
✓ Compiled in 222ms
✓ Compiled in 59ms
[browser] [GlobalError] ReferenceError: avatarUrl is not defined
    at SidebarInner (src/components/layout/sidebar.tsx:876:85)
    at Set.forEach (<anonymous>)
  874 | ...
  875 | ...d-full overflow-hidden flex items-center justify-center text-xs font-bold shrink-0"
> 876 | ...(--primary-soft)', color: 'var(--primary)' }}
      |                                               ^
  877 | ...
  878 | ...atarUrl} alt="" className="w-full h-full object-cover" /> : initials}
  879 | ... (src/app/error.tsx:13:13)
[browser] [GlobalError] ReferenceError: avatarUrl is not defined
    at SidebarInner (src/components/layout/sidebar.tsx:876:85)
    at Set.forEach (<anonymous>)
  874 | ...
  875 | ...d-full overflow-hidden flex items-center justify-center text-xs font-bold shrink-0"
> 876 | ...(--primary-soft)', color: 'var(--primary)' }}
      |                                               ^
  877 | ...
  878 | ...atarUrl} alt="" className="w-full h-full object-cover" /> : initials}
  879 | ... (src/app/error.tsx:13:13)
 GET /profile 200 in 165ms (next.js: 12ms, application-code: 153ms)
 GET /settings 200 in 110ms (next.js: 35ms, application-code: 75ms)
 GET /inicio 200 in 75ms (next.js: 19ms, application-code: 56ms)
 GET /profile 200 in 48ms (next.js: 5ms, application-code: 43ms)
[browser] Image with src "/logo.png" has either width or height modified, but not the other. If you use CSS to change the size of your image, also include the styles 'width: "auto"' or 'height: "auto"' to maintain the aspect ratio.
✓ Compiled in 66ms
✓ Compiled in 41ms
✓ Compiled in 40ms
 GET /profile 200 in 50ms (next.js: 6ms, application-code: 44ms)
 GET /settings?tab=perfis 200 in 26ms (next.js: 5ms, application-code: 22ms)
 GET /manifest.webmanifest 200 in 6ms (next.js: 1669µs, application-code: 5ms)
✓ Compiled in 65ms
Failed to proxy http://localhost:8001/api/v1/notifications/stream AggregateError: 
    at ignore-listed frames {
  code: 'ECONNREFUSED',
  [errors]: [
    Error: connect ECONNREFUSED ::1:8001
        at <unknown> (Error: connect ECONNREFUSED ::1:8001) {
      errno: -61,
      code: 'ECONNREFUSED',
      syscall: 'connect',
      address: '::1',
      port: 8001
    },
    Error: connect ECONNREFUSED 127.0.0.1:8001
        at <unknown> (Error: connect ECONNREFUSED 127.0.0.1:8001) {
      errno: -61,
      code: 'ECONNREFUSED',
      syscall: 'connect',
      address: '127.0.0.1',
      port: 8001
    }
  ]
}
AggregateError: 
    at ignore-listed frames {
  code: 'ECONNREFUSED',
  [errors]: [
    Error: connect ECONNREFUSED ::1:8001
        at <unknown> (Error: connect ECONNREFUSED ::1:8001) {
      errno: -61,
      code: 'ECONNREFUSED',
      syscall: 'connect',
      address: '::1',
      port: 8001
    },
    Error: connect ECONNREFUSED 127.0.0.1:8001
        at <unknown> (Error: connect ECONNREFUSED 127.0.0.1:8001) {
      errno: -61,
      code: 'ECONNREFUSED',
      syscall: 'connect',
      address: '127.0.0.1',
      port: 8001
    }
  ]
}
✓ Compiled in 69ms
✓ Compiled in 241ms
 GET /settings?tab=perfis 200 in 102ms (next.js: 41ms, application-code: 62ms)
 GET /profile 200 in 102ms (next.js: 60ms, application-code: 42ms)
 GET /profile 200 in 30ms (next.js: 1152µs, application-code: 29ms)
 GET /settings?tab=perfis 200 in 16ms (next.js: 1591µs, application-code: 15ms)
 GET /manifest.webmanifest 200 in 21ms (next.js: 18ms, application-code: 3ms)
✓ Compiled in 42ms
✓ Compiled in 36ms
✓ Compiled in 33ms
 GET /settings 200 in 96ms (next.js: 3ms, application-code: 92ms)
[browser] [GlobalError] ReferenceError: cargos is not defined
    at eval (src/app/settings/ProfileModulesTab.tsx:73:35)
    at Array.map (<anonymous>)
    at ProfileModulesTab (src/app/settings/ProfileModulesTab.tsx:76:120)
  71 |           <tbody>
  72 |             {rows.map(row => (
> 73 |               <tr key={row.profile} style={{ borderTop: '1px solid var(--border)' }}>
     |                                   ^
  74 |                 <td className="px-4 py-3 font-medium" style={{ color: 'var(--text)' }}>
  75 |                   {PROFILE_LABEL[row.profile] ?? row.profile}
  76 |                   {saving === row.profile && <span className="ml-2 text-[10px]" style={{ c... (src/app/error.tsx:13:13)
[browser] [GlobalError] ReferenceError: cargos is not defined
    at eval (src/app/settings/ProfileModulesTab.tsx:73:35)
    at Array.map (<anonymous>)
    at ProfileModulesTab (src/app/settings/ProfileModulesTab.tsx:76:120)
  71 |           <tbody>
  72 |             {rows.map(row => (
> 73 |               <tr key={row.profile} style={{ borderTop: '1px solid var(--border)' }}>
     |                                   ^
  74 |                 <td className="px-4 py-3 font-medium" style={{ color: 'var(--text)' }}>
  75 |                   {PROFILE_LABEL[row.profile] ?? row.profile}
  76 |                   {saving === row.profile && <span className="ml-2 text-[10px]" style={{ c... (src/app/error.tsx:13:13)
[browser] [GlobalError] ReferenceError: cargos is not defined
    at eval (src/app/settings/ProfileModulesTab.tsx:83:30)
    at Array.map (<anonymous>)
    at ProfileModulesTab (src/app/settings/ProfileModulesTab.tsx:72:19)
  81 |                       type="checkbox"
  82 |                       className="h-4 w-4 cursor-pointer"
> 83 |                       style={{ accentColor: 'var(--primary)' }}
     |                              ^
  84 |                       checked={row.modules.includes(m.id)}
  85 |                       onChange={e => toggle(row.profile, m.id, e.target.checked)}
  86 |                     /> (src/app/error.tsx:13:13)
[browser] [GlobalError] ReferenceError: cargos is not defined
    at eval (src/app/settings/ProfileModulesTab.tsx:83:30)
    at Array.map (<anonymous>)
    at ProfileModulesTab (src/app/settings/ProfileModulesTab.tsx:72:19)
  81 |                       type="checkbox"
  82 |                       className="h-4 w-4 cursor-pointer"
> 83 |                       style={{ accentColor: 'var(--primary)' }}
     |                              ^
  84 |                       checked={row.modules.includes(m.id)}
  85 |                       onChange={e => toggle(row.profile, m.id, e.target.checked)}
  86 |                     /> (src/app/error.tsx:13:13)
 GET /meu-painel 200 in 31ms (next.js: 15ms, application-code: 15ms)
 GET /manifest.webmanifest 200 in 4ms (next.js: 1809µs, application-code: 3ms)
 GET /inicio 200 in 18ms (next.js: 10ms, application-code: 8ms)
 GET /manifest.webmanifest 200 in 2ms (next.js: 911µs, application-code: 1391µs)
 GET /inicio 200 in 11ms (next.js: 5ms, application-code: 6ms)
 GET /inicio 200 in 92ms (next.js: 4ms, application-code: 88ms)
[browser] Image with src "/logo.png" has either width or height modified, but not the other. If you use CSS to change the size of your image, also include the styles 'width: "auto"' or 'height: "auto"' to maintain the aspect ratio.
 GET /profile 200 in 13ms (next.js: 6ms, application-code: 7ms)
 GET /meu-painel 200 in 54ms (next.js: 23ms, application-code: 31ms)
 GET /manifest.webmanifest 200 in 10ms (next.js: 2ms, application-code: 8ms)
 GET /inicio 200 in 13ms (next.js: 3ms, application-code: 10ms)
 GET /manifest.webmanifest 200 in 5ms (next.js: 1807µs, application-code: 3ms)
 GET /inicio 200 in 57ms (next.js: 18ms, application-code: 39ms)
 GET /inicio 200 in 9ms (next.js: 3ms, application-code: 6ms)
 GET /inicio 200 in 17ms (next.js: 6ms, application-code: 10ms)
 GET /inicio 200 in 75ms (next.js: 11ms, application-code: 64ms)
[browser] Image with src "/logo.png" has either width or height modified, but not the other. If you use CSS to change the size of your image, also include the styles 'width: "auto"' or 'height: "auto"' to maintain the aspect ratio.
 GET /central-comunicacao 200 in 78ms (next.js: 53ms, application-code: 25ms)
 GET /manifest.webmanifest 200 in 10ms (next.js: 3ms, application-code: 7ms)
 GET /users 200 in 50ms (next.js: 27ms, application-code: 22ms)
 GET /manifest.webmanifest 200 in 8ms (next.js: 4ms, application-code: 5ms)
 GET /dashboard 200 in 45ms (next.js: 19ms, application-code: 26ms)
 GET /portal-cliente 200 in 37ms (next.js: 14ms, application-code: 23ms)
 GET /portal-cliente 200 in 14ms (next.js: 1838µs, application-code: 13ms)
[browser] The width(-1) and height(-1) of chart should be greater than 0,
       please check the style of container, or the props width(100%) and height(100%),
       or add a minWidth(0) or minHeight(undefined) or use aspect(undefined) to control the
       height and width.
[browser] The width(-1) and height(-1) of chart should be greater than 0,
       please check the style of container, or the props width(100%) and height(100%),
       or add a minWidth(0) or minHeight(undefined) or use aspect(undefined) to control the
       height and width.
 GET /comunicados 200 in 46ms (next.js: 25ms, application-code: 20ms)
 GET /profile 200 in 38ms (next.js: 14ms, application-code: 24ms)
 GET /settings?tab=perfis 200 in 36ms (next.js: 9ms, application-code: 28ms)
 GET /manifest.webmanifest 200 in 7ms (next.js: 3ms, application-code: 4ms)
 GET /users 200 in 25ms (next.js: 6ms, application-code: 19ms)
 GET /manifest.webmanifest 200 in 6ms (next.js: 2ms, application-code: 4ms)
 GET /profile 200 in 124ms (next.js: 7ms, application-code: 117ms)
[browser] Image with src "/logo.png" has either width or height modified, but not the other. If you use CSS to change the size of your image, also include the styles 'width: "auto"' or 'height: "auto"' to maintain the aspect ratio.
 GET /profile 200 in 9ms (next.js: 4ms, application-code: 6ms)
 GET /profile 200 in 20ms (next.js: 2ms, application-code: 18ms)
 GET /inicio 200 in 50ms (next.js: 18ms, application-code: 32ms)
 GET /settings?tab=perfis 200 in 28ms (next.js: 7ms, application-code: 21ms)
 GET /manifest.webmanifest 200 in 18ms (next.js: 2ms, application-code: 16ms)
 GET /inicio 200 in 22ms (next.js: 5ms, application-code: 17ms)
 GET /manifest.webmanifest 200 in 6ms (next.js: 3ms, application-code: 3ms)
✓ Compiled in 456ms
 GET /inicio 200 in 246ms (next.js: 61ms, application-code: 185ms)
 GET /inicio 200 in 237ms (next.js: 110ms, application-code: 127ms)
 GET /inicio 200 in 110ms (next.js: 3ms, application-code: 106ms)
 GET /inicio 200 in 109ms (next.js: 21ms, application-code: 88ms)
 GET /inicio 200 in 69ms (next.js: 3ms, application-code: 66ms)
 GET /inicio 200 in 68ms (next.js: 22ms, application-code: 46ms)
 GET /manifest.webmanifest 200 in 35ms (next.js: 31ms, application-code: 4ms)
 GET /inicio 200 in 218ms (next.js: 24ms, application-code: 193ms)
[browser] Image with src "/logo.png" has either width or height modified, but not the other. If you use CSS to change the size of your image, also include the styles 'width: "auto"' or 'height: "auto"' to maintain the aspect ratio.
 GET /inicio 200 in 67ms (next.js: 16ms, application-code: 51ms)
 GET /manifest.webmanifest 200 in 6ms (next.js: 3ms, application-code: 3ms)
[browser] Image with src "/logo.png" has either width or height modified, but not the other. If you use CSS to change the size of your image, also include the styles 'width: "auto"' or 'height: "auto"' to maintain the aspect ratio.
 GET /inicio 200 in 49ms (next.js: 9ms, application-code: 40ms)
 GET /manifest.webmanifest 200 in 8ms (next.js: 5ms, application-code: 3ms)
[browser] Image with src "/logo.png" has either width or height modified, but not the other. If you use CSS to change the size of your image, also include the styles 'width: "auto"' or 'height: "auto"' to maintain the aspect ratio.
 GET /meu-painel 200 in 55ms (next.js: 27ms, application-code: 28ms)
 GET /manifest.webmanifest 200 in 9ms (next.js: 5ms, application-code: 4ms)
 GET /inicio 200 in 28ms (next.js: 5ms, application-code: 23ms)
 GET /manifest.webmanifest 200 in 5ms (next.js: 1103µs, application-code: 3ms)
✓ Compiled in 101ms
✓ Compiled in 69ms
✓ Compiled in 298ms
 GET /inicio 200 in 138ms (next.js: 69ms, application-code: 70ms)
 GET /inicio 200 in 140ms (next.js: 41ms, application-code: 99ms)
 GET /manifest.webmanifest 200 in 31ms (next.js: 25ms, application-code: 6ms)
✓ Compiled in 52ms
✓ Compiled in 42ms
✓ Compiled in 137ms
 GET /inicio 200 in 108ms (next.js: 51ms, application-code: 57ms)
 GET /inicio 200 in 109ms (next.js: 62ms, application-code: 47ms)
 GET /inicio 200 in 34ms (next.js: 1315µs, application-code: 32ms)
 GET /inicio 200 in 34ms (next.js: 8ms, application-code: 26ms)
 GET /manifest.webmanifest 200 in 29ms (next.js: 26ms, application-code: 3ms)
✓ Compiled in 37ms
✓ Compiled in 48ms
 GET /users 200 in 27ms (next.js: 14ms, application-code: 13ms)
 GET /manifest.webmanifest 200 in 3ms (next.js: 1488µs, application-code: 1859µs)
✓ Compiled in 55ms
✓ Compiled in 39ms
✓ Compiled in 36ms
✓ Compiled in 43ms
✓ Compiled in 242ms
✓ Compiled in 129ms
 GET /inicio 200 in 25ms (next.js: 8ms, application-code: 17ms)
 GET /manifest.webmanifest 200 in 4ms (next.js: 1461µs, application-code: 3ms)
 GET /inicio 200 in 157ms (next.js: 1432µs, application-code: 155ms)
✓ Compiled in 79ms
✓ Compiled in 38ms
✓ Compiled in 40ms
✓ Compiled in 45ms
✓ Compiled in 46ms
 GET /users 200 in 53ms (next.js: 26ms, application-code: 26ms)
 GET /manifest.webmanifest 200 in 5ms (next.js: 1839µs, application-code: 3ms)
 GET /meu-painel 200 in 45ms (next.js: 25ms, application-code: 20ms)
 GET /manifest.webmanifest 200 in 6ms (next.js: 3ms, application-code: 3ms)
 GET /inicio 200 in 27ms (next.js: 6ms, application-code: 22ms)
 GET /manifest.webmanifest 200 in 4ms (next.js: 1609µs, application-code: 2ms)
 GET /approvals?tab=timesheets 200 in 138ms (next.js: 109ms, application-code: 29ms)
 GET /manifest.webmanifest 200 in 4ms (next.js: 1478µs, application-code: 3ms)
 GET /inicio 200 in 9ms (next.js: 1602µs, application-code: 7ms)
 GET /manifest.webmanifest 200 in 5ms (next.js: 3ms, application-code: 2ms)
 GET /inicio 200 in 636ms (next.js: 520ms, application-code: 116ms)
 GET /inicio 200 in 636ms (next.js: 544ms, application-code: 92ms)
 GET /inicio 200 in 143ms (next.js: 2ms, application-code: 141ms)
✓ Compiled in 680ms
 GET /inicio 200 in 145ms (next.js: 18ms, application-code: 127ms)
 GET /inicio 200 in 131ms (next.js: 1697µs, application-code: 129ms)
 GET /inicio 200 in 131ms (next.js: 11ms, application-code: 120ms)
 GET /inicio 200 in 124ms (next.js: 1696µs, application-code: 122ms)
 GET /inicio 200 in 124ms (next.js: 18ms, application-code: 105ms)
 GET /inicio 200 in 120ms (next.js: 2ms, application-code: 117ms)
 GET /inicio 200 in 119ms (next.js: 16ms, application-code: 103ms)
 GET /inicio 200 in 57ms (next.js: 9ms, application-code: 49ms)
 GET /inicio 200 in 58ms (next.js: 1760µs, application-code: 56ms)
 GET /inicio 200 in 54ms (next.js: 1251µs, application-code: 53ms)
 GET /inicio 200 in 54ms (next.js: 7ms, application-code: 47ms)
 GET /inicio 200 in 53ms (next.js: 1338µs, application-code: 51ms)
 GET /inicio 200 in 53ms (next.js: 7ms, application-code: 46ms)
 GET /inicio 200 in 51ms (next.js: 1114µs, application-code: 50ms)
 GET /inicio 200 in 51ms (next.js: 7ms, application-code: 44ms)
 GET /inicio 200 in 56ms (next.js: 1562µs, application-code: 54ms)
 GET /inicio 200 in 66ms (next.js: 7ms, application-code: 59ms)
 GET /inicio 200 in 54ms (next.js: 842µs, application-code: 53ms)
 GET /inicio 200 in 54ms (next.js: 6ms, application-code: 48ms)
 GET /inicio 200 in 53ms (next.js: 7ms, application-code: 47ms)
 GET /inicio 200 in 54ms (next.js: 904µs, application-code: 53ms)
 GET /inicio 200 in 48ms (next.js: 1121µs, application-code: 47ms)
 GET /inicio 200 in 48ms (next.js: 7ms, application-code: 41ms)
 GET /inicio 200 in 45ms (next.js: 1118µs, application-code: 44ms)
 GET /inicio 200 in 45ms (next.js: 7ms, application-code: 39ms)
 GET /inicio 200 in 50ms (next.js: 974µs, application-code: 49ms)
 GET /inicio 200 in 51ms (next.js: 723µs, application-code: 50ms)
 GET /inicio 200 in 56ms (next.js: 731µs, application-code: 55ms)
 GET /inicio 200 in 50ms (next.js: 1907µs, application-code: 48ms)
 GET /inicio 200 in 55ms (next.js: 1302µs, application-code: 53ms)
 GET /inicio 200 in 54ms (next.js: 8ms, application-code: 46ms)
 GET /inicio 200 in 50ms (next.js: 886µs, application-code: 49ms)
 GET /inicio 200 in 45ms (next.js: 1038µs, application-code: 44ms)
 GET /inicio 200 in 55ms (next.js: 825µs, application-code: 54ms)
 GET /inicio 200 in 55ms (next.js: 6ms, application-code: 49ms)
 GET /inicio 200 in 57ms (next.js: 941µs, application-code: 56ms)
 GET /inicio 200 in 57ms (next.js: 6ms, application-code: 51ms)
 GET /inicio 200 in 57ms (next.js: 906µs, application-code: 56ms)
 GET /inicio 200 in 57ms (next.js: 7ms, application-code: 50ms)
 GET /inicio 200 in 54ms (next.js: 1430µs, application-code: 53ms)
 GET /inicio 200 in 54ms (next.js: 10ms, application-code: 44ms)
 GET /inicio 200 in 44ms (next.js: 1127µs, application-code: 43ms)
 GET /inicio 200 in 52ms (next.js: 7ms, application-code: 45ms)
 GET /inicio 200 in 40ms (next.js: 944µs, application-code: 39ms)
 GET /inicio 200 in 46ms (next.js: 1099µs, application-code: 45ms)
 GET /inicio 200 in 50ms (next.js: 1224µs, application-code: 49ms)
 GET /inicio 200 in 45ms (next.js: 760µs, application-code: 44ms)
 GET /inicio 200 in 53ms (next.js: 906µs, application-code: 53ms)
 GET /inicio 200 in 60ms (next.js: 6ms, application-code: 54ms)
 GET /inicio 200 in 54ms (next.js: 1004µs, application-code: 53ms)
 GET /inicio 200 in 54ms (next.js: 6ms, application-code: 48ms)
 GET /inicio 200 in 56ms (next.js: 831µs, application-code: 55ms)
 GET /inicio 200 in 57ms (next.js: 6ms, application-code: 51ms)
 GET /inicio 200 in 61ms (next.js: 986µs, application-code: 60ms)
 GET /inicio 200 in 68ms (next.js: 7ms, application-code: 61ms)
 GET /inicio 200 in 64ms (next.js: 1794µs, application-code: 62ms)
 GET /inicio 200 in 72ms (next.js: 1757µs, application-code: 71ms)
 GET /inicio 200 in 66ms (next.js: 1797µs, application-code: 65ms)
 GET /inicio 200 in 72ms (next.js: 7ms, application-code: 65ms)
 GET /inicio 200 in 66ms (next.js: 1927µs, application-code: 64ms)
 GET /inicio 200 in 66ms (next.js: 8ms, application-code: 58ms)
 GET /inicio 200 in 73ms (next.js: 1688µs, application-code: 71ms)
 GET /inicio 200 in 72ms (next.js: 8ms, application-code: 64ms)
 GET /inicio 200 in 68ms (next.js: 9ms, application-code: 59ms)
 GET /inicio 200 in 69ms (next.js: 1945µs, application-code: 67ms)
 GET /inicio 200 in 62ms (next.js: 1452µs, application-code: 61ms)
 GET /inicio 200 in 68ms (next.js: 8ms, application-code: 60ms)
 GET /inicio 200 in 60ms (next.js: 2ms, application-code: 58ms)
 GET /inicio 200 in 60ms (next.js: 13ms, application-code: 47ms)
 GET /inicio 200 in 49ms (next.js: 7ms, application-code: 42ms)
 GET /inicio 200 in 49ms (next.js: 1095µs, application-code: 48ms)
 GET /inicio 200 in 54ms (next.js: 6ms, application-code: 48ms)
 GET /inicio 200 in 54ms (next.js: 1168µs, application-code: 53ms)
 GET /inicio 200 in 54ms (next.js: 1078µs, application-code: 53ms)
 GET /inicio 200 in 66ms (next.js: 6ms, application-code: 60ms)
 GET /inicio 200 in 56ms (next.js: 6ms, application-code: 49ms)
 GET /inicio 200 in 56ms (next.js: 1151µs, application-code: 55ms)
 GET /inicio 200 in 57ms (next.js: 1246µs, application-code: 55ms)
 GET /inicio 200 in 58ms (next.js: 12ms, application-code: 46ms)
 GET /inicio 200 in 53ms (next.js: 1130µs, application-code: 52ms)
 GET /inicio 200 in 53ms (next.js: 7ms, application-code: 46ms)
 GET /inicio 200 in 52ms (next.js: 1214µs, application-code: 51ms)
 GET /inicio 200 in 52ms (next.js: 6ms, application-code: 46ms)
 GET /inicio 200 in 56ms (next.js: 1255µs, application-code: 55ms)
 GET /inicio 200 in 50ms (next.js: 1062µs, application-code: 49ms)
 GET /inicio 200 in 53ms (next.js: 1000µs, application-code: 52ms)
 GET /inicio 200 in 42ms (next.js: 1355µs, application-code: 41ms)
 GET /inicio 200 in 53ms (next.js: 7ms, application-code: 46ms)
 GET /inicio 200 in 42ms (next.js: 1026µs, application-code: 41ms)
 GET /inicio 200 in 49ms (next.js: 849µs, application-code: 48ms)
 GET /inicio 200 in 49ms (next.js: 6ms, application-code: 43ms)
 GET /inicio 200 in 52ms (next.js: 904µs, application-code: 51ms)
 GET /inicio 200 in 53ms (next.js: 6ms, application-code: 47ms)
 GET /inicio 200 in 55ms (next.js: 6ms, application-code: 49ms)
 GET /inicio 200 in 56ms (next.js: 1020µs, application-code: 55ms)
 GET /inicio 200 in 62ms (next.js: 954µs, application-code: 61ms)
 GET /inicio 200 in 78ms (next.js: 6ms, application-code: 72ms)
 GET /inicio 200 in 65ms (next.js: 1217µs, application-code: 64ms)
 GET /inicio 200 in 65ms (next.js: 7ms, application-code: 58ms)
 GET /inicio 200 in 63ms (next.js: 1335µs, application-code: 62ms)
 GET /inicio 200 in 63ms (next.js: 7ms, application-code: 56ms)
 GET /inicio 200 in 61ms (next.js: 1681µs, application-code: 59ms)
 GET /inicio 200 in 61ms (next.js: 7ms, application-code: 53ms)
 GET /inicio 200 in 54ms (next.js: 5ms, application-code: 48ms)
 GET /inicio 200 in 65ms (next.js: 11ms, application-code: 54ms)
 GET /inicio 200 in 49ms (next.js: 1182µs, application-code: 48ms)
 GET /inicio 200 in 49ms (next.js: 7ms, application-code: 42ms)
 GET /inicio 200 in 48ms (next.js: 1142µs, application-code: 46ms)
 GET /inicio 200 in 48ms (next.js: 6ms, application-code: 41ms)
 GET /inicio 200 in 42ms (next.js: 1133µs, application-code: 41ms)
 GET /inicio 200 in 42ms (next.js: 6ms, application-code: 36ms)
 GET /inicio 200 in 43ms (next.js: 6ms, application-code: 37ms)
 GET /inicio 200 in 44ms (next.js: 1084µs, application-code: 43ms)
 GET /inicio 200 in 59ms (next.js: 6ms, application-code: 53ms)
 GET /inicio 200 in 59ms (next.js: 891µs, application-code: 58ms)
 GET /inicio 200 in 49ms (next.js: 1115µs, application-code: 48ms)
 GET /inicio 200 in 55ms (next.js: 1232µs, application-code: 54ms)
 GET /inicio 200 in 55ms (next.js: 7ms, application-code: 48ms)
 GET /inicio 200 in 54ms (next.js: 951µs, application-code: 53ms)
 GET /inicio 200 in 54ms (next.js: 6ms, application-code: 48ms)
 GET /inicio 200 in 50ms (next.js: 1159µs, application-code: 49ms)
 GET /inicio 200 in 50ms (next.js: 7ms, application-code: 43ms)
 GET /inicio 200 in 51ms (next.js: 929µs, application-code: 50ms)
 GET /inicio 200 in 57ms (next.js: 1399µs, application-code: 55ms)
 GET /inicio 200 in 51ms (next.js: 1690µs, application-code: 49ms)
 GET /inicio 200 in 56ms (next.js: 6ms, application-code: 49ms)
 GET /inicio 200 in 52ms (next.js: 769µs, application-code: 51ms)
 GET /inicio 200 in 57ms (next.js: 6ms, application-code: 51ms)
 GET /inicio 200 in 52ms (next.js: 3ms, application-code: 49ms)
 GET /inicio 200 in 50ms (next.js: 6ms, application-code: 43ms)
 GET /inicio 200 in 53ms (next.js: 924µs, application-code: 52ms)
 GET /inicio 200 in 53ms (next.js: 6ms, application-code: 47ms)
 GET /inicio 200 in 53ms (next.js: 986µs, application-code: 53ms)
 GET /inicio 200 in 64ms (next.js: 7ms, application-code: 58ms)
 GET /inicio 200 in 54ms (next.js: 1240µs, application-code: 52ms)
 GET /inicio 200 in 54ms (next.js: 6ms, application-code: 48ms)
 GET /inicio 200 in 58ms (next.js: 6ms, application-code: 51ms)
 GET /inicio 200 in 58ms (next.js: 1053µs, application-code: 57ms)
 GET /inicio 200 in 56ms (next.js: 1268µs, application-code: 55ms)
 GET /inicio 200 in 57ms (next.js: 7ms, application-code: 50ms)
 GET /inicio 200 in 58ms (next.js: 6ms, application-code: 52ms)
 GET /inicio 200 in 58ms (next.js: 951µs, application-code: 58ms)
 GET /inicio 200 in 78ms (next.js: 2ms, application-code: 75ms)
 GET /inicio 200 in 77ms (next.js: 8ms, application-code: 69ms)
 GET /inicio 200 in 65ms (next.js: 1616µs, application-code: 63ms)
 GET /inicio 200 in 65ms (next.js: 7ms, application-code: 57ms)
 GET /inicio 200 in 114ms (next.js: 8ms, application-code: 106ms)
 GET /inicio 200 in 114ms (next.js: 1728µs, application-code: 113ms)
 GET /inicio 200 in 113ms (next.js: 7ms, application-code: 105ms)
 GET /inicio 200 in 113ms (next.js: 1675µs, application-code: 111ms)
 GET /inicio 200 in 109ms (next.js: 10ms, application-code: 99ms)
 GET /inicio 200 in 109ms (next.js: 1969µs, application-code: 107ms)
 GET /inicio 200 in 106ms (next.js: 3ms, application-code: 103ms)
 GET /inicio 200 in 106ms (next.js: 12ms, application-code: 94ms)
 GET /inicio 200 in 48ms (next.js: 7ms, application-code: 41ms)
 GET /inicio 200 in 48ms (next.js: 1307µs, application-code: 47ms)
 GET /inicio 200 in 47ms (next.js: 1069µs, application-code: 46ms)
 GET /inicio 200 in 47ms (next.js: 6ms, application-code: 41ms)
 GET /inicio 200 in 49ms (next.js: 1168µs, application-code: 47ms)
 GET /inicio 200 in 49ms (next.js: 6ms, application-code: 42ms)
 GET /inicio 200 in 52ms (next.js: 893µs, application-code: 51ms)
 GET /inicio 200 in 66ms (next.js: 6ms, application-code: 60ms)
 GET /inicio 200 in 56ms (next.js: 985µs, application-code: 55ms)
 GET /inicio 200 in 56ms (next.js: 6ms, application-code: 50ms)
 GET /inicio 200 in 58ms (next.js: 7ms, application-code: 51ms)
 GET /inicio 200 in 58ms (next.js: 1231µs, application-code: 57ms)
 GET /inicio 200 in 67ms (next.js: 1217µs, application-code: 66ms)
 GET /inicio 200 in 78ms (next.js: 8ms, application-code: 70ms)
 GET /inicio 200 in 71ms (next.js: 1512µs, application-code: 70ms)
 GET /inicio 200 in 72ms (next.js: 9ms, application-code: 64ms)
 GET /inicio 200 in 73ms (next.js: 1237µs, application-code: 71ms)
 GET /inicio 200 in 73ms (next.js: 8ms, application-code: 65ms)
 GET /inicio 200 in 73ms (next.js: 1198µs, application-code: 72ms)
 GET /inicio 200 in 73ms (next.js: 14ms, application-code: 59ms)
 GET /inicio 200 in 66ms (next.js: 1484µs, application-code: 64ms)
 GET /inicio 200 in 63ms (next.js: 2ms, application-code: 60ms)
 GET /inicio 200 in 62ms (next.js: 1966µs, application-code: 60ms)
 GET /inicio 200 in 67ms (next.js: 1516µs, application-code: 65ms)
 GET /inicio 200 in 65ms (next.js: 2ms, application-code: 63ms)
 GET /inicio 200 in 64ms (next.js: 8ms, application-code: 56ms)
 GET /inicio 200 in 56ms (next.js: 1121µs, application-code: 55ms)
 GET /inicio 200 in 56ms (next.js: 8ms, application-code: 48ms)
 GET /inicio 200 in 55ms (next.js: 998µs, application-code: 54ms)
 GET /inicio 200 in 55ms (next.js: 8ms, application-code: 47ms)
 GET /inicio 200 in 59ms (next.js: 1568µs, application-code: 57ms)
 GET /inicio 200 in 59ms (next.js: 7ms, application-code: 52ms)
 GET /inicio 200 in 58ms (next.js: 874µs, application-code: 57ms)
 GET /inicio 200 in 63ms (next.js: 1038µs, application-code: 61ms)
 GET /inicio 200 in 57ms (next.js: 1403µs, application-code: 56ms)
 GET /inicio 200 in 57ms (next.js: 7ms, application-code: 50ms)
 GET /inicio 200 in 55ms (next.js: 1202µs, application-code: 54ms)
 GET /inicio 200 in 55ms (next.js: 7ms, application-code: 48ms)
 GET /inicio 200 in 48ms (next.js: 1107µs, application-code: 47ms)
 GET /inicio 200 in 48ms (next.js: 7ms, application-code: 41ms)
 GET /inicio 200 in 48ms (next.js: 833µs, application-code: 47ms)
 GET /inicio 200 in 48ms (next.js: 6ms, application-code: 42ms)
 GET /inicio 200 in 58ms (next.js: 6ms, application-code: 52ms)
 GET /inicio 200 in 59ms (next.js: 1062µs, application-code: 58ms)
 GET /inicio 200 in 47ms (next.js: 6ms, application-code: 41ms)
 GET /inicio 200 in 47ms (next.js: 981µs, application-code: 46ms)
 GET /inicio 200 in 47ms (next.js: 6ms, application-code: 41ms)
 GET /inicio 200 in 47ms (next.js: 1061µs, application-code: 46ms)
 GET /inicio 200 in 51ms (next.js: 6ms, application-code: 45ms)
 GET /inicio 200 in 51ms (next.js: 1094µs, application-code: 50ms)
 GET /inicio 200 in 51ms (next.js: 899µs, application-code: 50ms)
 GET /inicio 200 in 51ms (next.js: 6ms, application-code: 45ms)
 GET /inicio 200 in 52ms (next.js: 993µs, application-code: 51ms)
 GET /inicio 200 in 58ms (next.js: 7ms, application-code: 51ms)
 GET /inicio 200 in 54ms (next.js: 668µs, application-code: 53ms)
 GET /inicio 200 in 55ms (next.js: 944µs, application-code: 54ms)
 GET /inicio 200 in 52ms (next.js: 1318µs, application-code: 51ms)
 GET /inicio 200 in 58ms (next.js: 6ms, application-code: 52ms)
 GET /inicio 200 in 47ms (next.js: 741µs, application-code: 47ms)
 GET /inicio 200 in 54ms (next.js: 1338µs, application-code: 52ms)
 GET /inicio 200 in 59ms (next.js: 1322µs, application-code: 58ms)
 GET /inicio 200 in 53ms (next.js: 928µs, application-code: 52ms)
 GET /inicio 200 in 46ms (next.js: 1266µs, application-code: 45ms)
 GET /inicio 200 in 50ms (next.js: 1155µs, application-code: 49ms)
 GET /inicio 200 in 50ms (next.js: 6ms, application-code: 44ms)
 GET /inicio 200 in 57ms (next.js: 1325µs, application-code: 56ms)
 GET /inicio 200 in 57ms (next.js: 6ms, application-code: 51ms)
 GET /inicio 200 in 59ms (next.js: 1123µs, application-code: 58ms)
 GET /inicio 200 in 59ms (next.js: 7ms, application-code: 52ms)
 GET /inicio 200 in 70ms (next.js: 937µs, application-code: 69ms)
 GET /inicio 200 in 70ms (next.js: 6ms, application-code: 64ms)
 GET /inicio 200 in 68ms (next.js: 7ms, application-code: 61ms)
 GET /inicio 200 in 68ms (next.js: 975µs, application-code: 67ms)
 GET /inicio 200 in 66ms (next.js: 8ms, application-code: 58ms)
 GET /inicio 200 in 67ms (next.js: 1699µs, application-code: 65ms)
 GET /inicio 200 in 67ms (next.js: 1713µs, application-code: 65ms)
 GET /inicio 200 in 67ms (next.js: 7ms, application-code: 60ms)
 GET /inicio 200 in 67ms (next.js: 1747µs, application-code: 65ms)
 GET /inicio 200 in 73ms (next.js: 11ms, application-code: 62ms)
 GET /inicio 200 in 68ms (next.js: 2ms, application-code: 66ms)
 GET /inicio 200 in 74ms (next.js: 11ms, application-code: 63ms)
 GET /inicio 200 in 58ms (next.js: 1879µs, application-code: 56ms)
 GET /inicio 200 in 57ms (next.js: 7ms, application-code: 50ms)
 GET /inicio 200 in 59ms (next.js: 1833µs, application-code: 57ms)
 GET /inicio 200 in 59ms (next.js: 7ms, application-code: 52ms)
 GET /inicio 200 in 58ms (next.js: 1622µs, application-code: 56ms)
 GET /inicio 200 in 63ms (next.js: 7ms, application-code: 56ms)
 GET /inicio 200 in 56ms (next.js: 1176µs, application-code: 55ms)
 GET /inicio 200 in 61ms (next.js: 7ms, application-code: 54ms)
 GET /inicio 200 in 59ms (next.js: 1591µs, application-code: 58ms)
 GET /inicio 200 in 59ms (next.js: 7ms, application-code: 52ms)
 GET /inicio 200 in 48ms (next.js: 1143µs, application-code: 47ms)
 GET /inicio 200 in 52ms (next.js: 7ms, application-code: 45ms)
 GET /inicio 200 in 45ms (next.js: 891µs, application-code: 44ms)
 GET /inicio 200 in 45ms (next.js: 6ms, application-code: 39ms)
 GET /inicio 200 in 42ms (next.js: 923µs, application-code: 41ms)
 GET /inicio 200 in 42ms (next.js: 6ms, application-code: 36ms)
 GET /inicio 200 in 39ms (next.js: 744µs, application-code: 38ms)
 GET /inicio 200 in 34ms (next.js: 1218µs, application-code: 33ms)
 GET /inicio 200 in 38ms (next.js: 868µs, application-code: 37ms)
 GET /inicio 200 in 44ms (next.js: 1021µs, application-code: 43ms)
 GET /inicio 200 in 40ms (next.js: 896µs, application-code: 39ms)
 GET /inicio 200 in 50ms (next.js: 5ms, application-code: 45ms)
 GET /inicio 200 in 53ms (next.js: 807µs, application-code: 52ms)
 GET /inicio 200 in 53ms (next.js: 5ms, application-code: 48ms)
 GET /inicio 200 in 50ms (next.js: 5ms, application-code: 45ms)
 GET /inicio 200 in 51ms (next.js: 910µs, application-code: 50ms)
 GET /inicio 200 in 52ms (next.js: 1034µs, application-code: 51ms)
 GET /inicio 200 in 52ms (next.js: 6ms, application-code: 46ms)
 GET /inicio 200 in 52ms (next.js: 1117µs, application-code: 51ms)
 GET /inicio 200 in 64ms (next.js: 11ms, application-code: 53ms)
 GET /inicio 200 in 48ms (next.js: 849µs, application-code: 47ms)
 GET /inicio 200 in 48ms (next.js: 6ms, application-code: 42ms)
 GET /inicio 200 in 48ms (next.js: 6ms, application-code: 42ms)
 GET /inicio 200 in 49ms (next.js: 1017µs, application-code: 48ms)
 GET /inicio 200 in 48ms (next.js: 1169µs, application-code: 47ms)
 GET /inicio 200 in 48ms (next.js: 6ms, application-code: 42ms)
 GET /inicio 200 in 48ms (next.js: 1008µs, application-code: 47ms)
 GET /inicio 200 in 48ms (next.js: 6ms, application-code: 42ms)
 GET /inicio 200 in 61ms (next.js: 1237µs, application-code: 60ms)
 GET /inicio 200 in 61ms (next.js: 6ms, application-code: 54ms)
 GET /inicio 200 in 50ms (next.js: 6ms, application-code: 44ms)
 GET /inicio 200 in 50ms (next.js: 1040µs, application-code: 49ms)
 GET /inicio 200 in 51ms (next.js: 6ms, application-code: 45ms)
 GET /inicio 200 in 52ms (next.js: 1068µs, application-code: 51ms)
 GET /inicio 200 in 47ms (next.js: 1284µs, application-code: 46ms)
 GET /inicio 200 in 47ms (next.js: 6ms, application-code: 41ms)
 GET /inicio 200 in 48ms (next.js: 780µs, application-code: 47ms)
 GET /inicio 200 in 53ms (next.js: 6ms, application-code: 47ms)
 GET /inicio 200 in 49ms (next.js: 1210µs, application-code: 48ms)
 GET /inicio 200 in 48ms (next.js: 1284µs, application-code: 47ms)
 GET /inicio 200 in 47ms (next.js: 1009µs, application-code: 46ms)
 GET /inicio 200 in 47ms (next.js: 1175µs, application-code: 46ms)
 GET /inicio 200 in 52ms (next.js: 6ms, application-code: 46ms)
 GET /inicio 200 in 46ms (next.js: 1068µs, application-code: 45ms)
 GET /inicio 200 in 52ms (next.js: 6ms, application-code: 46ms)
 GET /inicio 200 in 46ms (next.js: 732µs, application-code: 46ms)
 GET /inicio 200 in 55ms (next.js: 1101µs, application-code: 54ms)
 GET /inicio 200 in 56ms (next.js: 903µs, application-code: 55ms)
 GET /inicio 200 in 56ms (next.js: 6ms, application-code: 50ms)
 GET /inicio 200 in 46ms (next.js: 970µs, application-code: 45ms)
 GET /inicio 200 in 56ms (next.js: 6ms, application-code: 50ms)
 GET /inicio 200 in 46ms (next.js: 961µs, application-code: 45ms)
 GET /inicio 200 in 56ms (next.js: 6ms, application-code: 50ms)
 GET /inicio 200 in 46ms (next.js: 999µs, application-code: 45ms)
 GET /inicio 200 in 56ms (next.js: 6ms, application-code: 51ms)
 GET /inicio 200 in 42ms (next.js: 917µs, application-code: 41ms)
 GET /inicio 200 in 51ms (next.js: 970µs, application-code: 50ms)
 GET /inicio 200 in 51ms (next.js: 6ms, application-code: 45ms)
 GET /inicio 200 in 46ms (next.js: 922µs, application-code: 45ms)
 GET /inicio 200 in 46ms (next.js: 6ms, application-code: 40ms)
 GET /inicio 200 in 46ms (next.js: 944µs, application-code: 45ms)
 GET /inicio 200 in 46ms (next.js: 6ms, application-code: 40ms)
 GET /inicio 200 in 46ms (next.js: 988µs, application-code: 45ms)
 GET /inicio 200 in 57ms (next.js: 6ms, application-code: 51ms)
 GET /inicio 200 in 46ms (next.js: 799µs, application-code: 46ms)
 GET /inicio 200 in 56ms (next.js: 6ms, application-code: 50ms)
 GET /inicio 200 in 52ms (next.js: 6ms, application-code: 46ms)
 GET /inicio 200 in 53ms (next.js: 963µs, application-code: 52ms)
 GET /inicio 200 in 56ms (next.js: 6ms, application-code: 49ms)
 GET /inicio 200 in 56ms (next.js: 1205µs, application-code: 55ms)
 GET /inicio 200 in 58ms (next.js: 6ms, application-code: 52ms)
 GET /inicio 200 in 59ms (next.js: 992µs, application-code: 58ms)
 GET /inicio 200 in 61ms (next.js: 1035µs, application-code: 60ms)
 GET /inicio 200 in 59ms (next.js: 1344µs, application-code: 58ms)
 GET /inicio 200 in 59ms (next.js: 1500µs, application-code: 58ms)
 GET /inicio 200 in 65ms (next.js: 7ms, application-code: 58ms)
 GET /inicio 200 in 59ms (next.js: 3ms, application-code: 56ms)
 GET /inicio 200 in 63ms (next.js: 1463µs, application-code: 62ms)
 GET /inicio 200 in 64ms (next.js: 1782µs, application-code: 62ms)
 GET /inicio 200 in 64ms (next.js: 7ms, application-code: 56ms)
 GET /inicio 200 in 57ms (next.js: 1036µs, application-code: 56ms)
 GET /inicio 200 in 63ms (next.js: 9ms, application-code: 55ms)
 GET /inicio 200 in 60ms (next.js: 1380µs, application-code: 58ms)
 GET /inicio 200 in 66ms (next.js: 7ms, application-code: 59ms)
 GET /inicio 200 in 59ms (next.js: 1366µs, application-code: 58ms)
 GET /inicio 200 in 64ms (next.js: 7ms, application-code: 57ms)
 GET /inicio 200 in 57ms (next.js: 1072µs, application-code: 56ms)
 GET /inicio 200 in 62ms (next.js: 1380µs, application-code: 60ms)
 GET /inicio 200 in 60ms (next.js: 1209µs, application-code: 59ms)
 GET /inicio 200 in 60ms (next.js: 7ms, application-code: 53ms)
 GET /inicio 200 in 49ms (next.js: 1299µs, application-code: 48ms)
 GET /inicio 200 in 54ms (next.js: 7ms, application-code: 47ms)
 GET /inicio 200 in 48ms (next.js: 1057µs, application-code: 47ms)
 GET /inicio 200 in 53ms (next.js: 6ms, application-code: 47ms)
 GET /inicio 200 in 48ms (next.js: 1069µs, application-code: 47ms)
 GET /inicio 200 in 53ms (next.js: 6ms, application-code: 47ms)
 GET /inicio 200 in 47ms (next.js: 869µs, application-code: 46ms)
 GET /inicio 200 in 52ms (next.js: 839µs, application-code: 51ms)
 GET /inicio 200 in 53ms (next.js: 1000µs, application-code: 52ms)
 GET /inicio 200 in 53ms (next.js: 6ms, application-code: 47ms)
 GET /inicio 200 in 51ms (next.js: 1027µs, application-code: 50ms)
 GET /inicio 200 in 60ms (next.js: 6ms, application-code: 54ms)
 GET /inicio 200 in 56ms (next.js: 949µs, application-code: 55ms)
 GET /inicio 200 in 62ms (next.js: 6ms, application-code: 56ms)
 GET /inicio 200 in 58ms (next.js: 977µs, application-code: 57ms)
 GET /inicio 200 in 58ms (next.js: 6ms, application-code: 52ms)
 GET /inicio 200 in 58ms (next.js: 864µs, application-code: 57ms)
 GET /inicio 200 in 63ms (next.js: 847µs, application-code: 62ms)
 GET /inicio 200 in 54ms (next.js: 1300µs, application-code: 52ms)
 GET /inicio 200 in 53ms (next.js: 10ms, application-code: 43ms)
 GET /inicio 200 in 48ms (next.js: 2ms, application-code: 46ms)
 GET /inicio 200 in 47ms (next.js: 8ms, application-code: 39ms)
 GET /inicio 200 in 45ms (next.js: 901µs, application-code: 44ms)
 GET /inicio 200 in 45ms (next.js: 6ms, application-code: 40ms)
 GET /inicio 200 in 46ms (next.js: 799µs, application-code: 45ms)
 GET /inicio 200 in 46ms (next.js: 6ms, application-code: 40ms)
 GET /inicio 200 in 48ms (next.js: 1216µs, application-code: 46ms)
 GET /inicio 200 in 62ms (next.js: 6ms, application-code: 56ms)
 GET /inicio 200 in 52ms (next.js: 841µs, application-code: 51ms)
 GET /inicio 200 in 52ms (next.js: 6ms, application-code: 46ms)
 GET /inicio 200 in 53ms (next.js: 1064µs, application-code: 52ms)
 GET /inicio 200 in 53ms (next.js: 6ms, application-code: 48ms)
 GET /inicio 200 in 54ms (next.js: 1278µs, application-code: 52ms)
 GET /inicio 200 in 54ms (next.js: 7ms, application-code: 47ms)
 GET /inicio 200 in 52ms (next.js: 1015µs, application-code: 51ms)
 GET /inicio 200 in 52ms (next.js: 6ms, application-code: 46ms)
 GET /inicio 200 in 61ms (next.js: 7ms, application-code: 54ms)
 GET /inicio 200 in 61ms (next.js: 1303µs, application-code: 60ms)
 GET /inicio 200 in 49ms (next.js: 971µs, application-code: 48ms)
 GET /inicio 200 in 49ms (next.js: 6ms, application-code: 43ms)
 GET /inicio 200 in 38ms (next.js: 954µs, application-code: 37ms)
 GET /inicio 200 in 38ms (next.js: 6ms, application-code: 32ms)
 GET /inicio 200 in 33ms (next.js: 1182µs, application-code: 32ms)
 GET /inicio 200 in 33ms (next.js: 6ms, application-code: 27ms)
 GET /inicio 200 in 31ms (next.js: 6ms, application-code: 25ms)
 GET /inicio 200 in 31ms (next.js: 955µs, application-code: 30ms)
 GET /inicio 200 in 57ms (next.js: 1098µs, application-code: 56ms)
 GET /inicio 200 in 56ms (next.js: 982µs, application-code: 55ms)
 GET /inicio 200 in 56ms (next.js: 6ms, application-code: 49ms)
 GET /inicio 200 in 45ms (next.js: 1062µs, application-code: 44ms)
 GET /inicio 200 in 45ms (next.js: 6ms, application-code: 39ms)
 GET /inicio 200 in 38ms (next.js: 817µs, application-code: 38ms)
 GET /inicio 200 in 38ms (next.js: 6ms, application-code: 32ms)
 GET /inicio 200 in 33ms (next.js: 1132µs, application-code: 31ms)
 GET /inicio 200 in 33ms (next.js: 7ms, application-code: 26ms)
 GET /inicio 200 in 29ms (next.js: 732µs, application-code: 29ms)
 GET /inicio 200 in 38ms (next.js: 925µs, application-code: 37ms)
 GET /inicio 200 in 33ms (next.js: 5ms, application-code: 29ms)
 GET /inicio 200 in 34ms (next.js: 937µs, application-code: 33ms)
 GET /inicio 200 in 25ms (next.js: 1047µs, application-code: 24ms)
 GET /inicio 200 in 25ms (next.js: 5ms, application-code: 20ms)
 GET /inicio 200 in 18ms (next.js: 1044µs, application-code: 17ms)
 GET /inicio 200 in 19ms (next.js: 5ms, application-code: 14ms)
 GET /inicio 200 in 21ms (next.js: 702µs, application-code: 21ms)
 GET /inicio 200 in 53ms (next.js: 2ms, application-code: 50ms)
 GET /inicio 200 in 66ms (next.js: 7ms, application-code: 59ms)
 GET /inicio 200 in 56ms (next.js: 963µs, application-code: 55ms)
 GET /inicio 200 in 56ms (next.js: 6ms, application-code: 50ms)
 GET /inicio 200 in 56ms (next.js: 956µs, application-code: 55ms)
 GET /inicio 200 in 56ms (next.js: 11ms, application-code: 45ms)
 GET /inicio 200 in 50ms (next.js: 5ms, application-code: 45ms)
 GET /inicio 200 in 51ms (next.js: 1063µs, application-code: 50ms)
 GET /inicio 200 in 51ms (next.js: 1522µs, application-code: 50ms)
 GET /inicio 200 in 51ms (next.js: 6ms, application-code: 45ms)
 GET /inicio 200 in 51ms (next.js: 1887µs, application-code: 49ms)
 GET /inicio 200 in 56ms (next.js: 6ms, application-code: 49ms)
 GET /inicio 200 in 46ms (next.js: 1194µs, application-code: 44ms)
 GET /inicio 200 in 46ms (next.js: 6ms, application-code: 40ms)
 GET /inicio 200 in 46ms (next.js: 1550µs, application-code: 44ms)
 GET /inicio 200 in 46ms (next.js: 6ms, application-code: 40ms)
 GET /inicio 200 in 47ms (next.js: 1675µs, application-code: 45ms)
 GET /inicio 200 in 47ms (next.js: 6ms, application-code: 41ms)
 GET /inicio 200 in 49ms (next.js: 904µs, application-code: 48ms)
 GET /inicio 200 in 49ms (next.js: 6ms, application-code: 43ms)
 GET /inicio 200 in 64ms (next.js: 1597µs, application-code: 62ms)
 GET /inicio 200 in 63ms (next.js: 6ms, application-code: 58ms)
 GET /inicio 200 in 52ms (next.js: 6ms, application-code: 46ms)
 GET /inicio 200 in 52ms (next.js: 1349µs, application-code: 51ms)
 GET /inicio 200 in 40ms (next.js: 7ms, application-code: 33ms)
 GET /inicio 200 in 41ms (next.js: 1572µs, application-code: 39ms)
 GET /inicio 200 in 35ms (next.js: 6ms, application-code: 28ms)
 GET /inicio 200 in 35ms (next.js: 985µs, application-code: 34ms)
 GET /inicio 200 in 35ms (next.js: 852µs, application-code: 34ms)
 GET /inicio 200 in 35ms (next.js: 6ms, application-code: 29ms)
 GET /inicio 200 in 54ms (next.js: 1299µs, application-code: 52ms)
 GET /inicio 200 in 47ms (next.js: 953µs, application-code: 46ms)
 GET /inicio 200 in 47ms (next.js: 6ms, application-code: 41ms)
 GET /inicio 200 in 48ms (next.js: 1250µs, application-code: 46ms)
 GET /inicio 200 in 48ms (next.js: 6ms, application-code: 41ms)
 GET /inicio 200 in 47ms (next.js: 893µs, application-code: 46ms)
 GET /inicio 200 in 48ms (next.js: 6ms, application-code: 42ms)
 GET /inicio 200 in 48ms (next.js: 6ms, application-code: 42ms)
 GET /inicio 200 in 48ms (next.js: 879µs, application-code: 47ms)
 GET /inicio 200 in 62ms (next.js: 1150µs, application-code: 61ms)
 GET /inicio 200 in 62ms (next.js: 6ms, application-code: 56ms)
 GET /inicio 200 in 51ms (next.js: 1173µs, application-code: 50ms)
 GET /inicio 200 in 51ms (next.js: 6ms, application-code: 45ms)
 GET /inicio 200 in 40ms (next.js: 6ms, application-code: 34ms)
 GET /inicio 200 in 40ms (next.js: 1340µs, application-code: 39ms)
 GET /inicio 200 in 36ms (next.js: 1335µs, application-code: 34ms)
 GET /inicio 200 in 46ms (next.js: 6ms, application-code: 40ms)
 GET /inicio 200 in 46ms (next.js: 846µs, application-code: 45ms)
 GET /inicio 200 in 46ms (next.js: 6ms, application-code: 41ms)
 GET /inicio 200 in 53ms (next.js: 1177µs, application-code: 51ms)
 GET /inicio 200 in 46ms (next.js: 6ms, application-code: 40ms)
 GET /inicio 200 in 47ms (next.js: 1066µs, application-code: 46ms)
 GET /inicio 200 in 46ms (next.js: 916µs, application-code: 45ms)
 GET /inicio 200 in 52ms (next.js: 6ms, application-code: 46ms)
 GET /inicio 200 in 46ms (next.js: 6ms, application-code: 40ms)
 GET /inicio 200 in 46ms (next.js: 805µs, application-code: 45ms)
 GET /inicio 200 in 46ms (next.js: 795µs, application-code: 46ms)
 GET /inicio 200 in 46ms (next.js: 6ms, application-code: 40ms)
 GET /inicio 200 in 40ms (next.js: 1063µs, application-code: 39ms)
 GET /inicio 200 in 40ms (next.js: 6ms, application-code: 34ms)
 GET /inicio 200 in 30ms (next.js: 884µs, application-code: 29ms)
 GET /inicio 200 in 35ms (next.js: 839µs, application-code: 34ms)
 GET /inicio 200 in 35ms (next.js: 6ms, application-code: 28ms)
 GET /inicio 200 in 24ms (next.js: 640µs, application-code: 23ms)
 GET /inicio 200 in 18ms (next.js: 708µs, application-code: 17ms)
 GET /inicio 200 in 12ms (next.js: 832µs, application-code: 11ms)
 GET /manifest.webmanifest 200 in 29ms (next.js: 26ms, application-code: 3ms)
 GET /inicio 200 in 248ms (next.js: 164ms, application-code: 84ms)
 GET /inicio 200 in 250ms (next.js: 150ms, application-code: 100ms)
 GET /inicio 200 in 90ms (next.js: 7ms, application-code: 83ms)
 GET /inicio 200 in 91ms (next.js: 1209µs, application-code: 89ms)
 GET /inicio 200 in 190ms (next.js: 7ms, application-code: 183ms)
 GET /inicio 200 in 191ms (next.js: 1004µs, application-code: 190ms)
 GET /inicio 200 in 182ms (next.js: 2ms, application-code: 180ms)
 GET /inicio 200 in 182ms (next.js: 13ms, application-code: 169ms)
 GET /inicio 200 in 175ms (next.js: 1800µs, application-code: 174ms)
 GET /inicio 200 in 167ms (next.js: 3ms, application-code: 164ms)
 GET /inicio 200 in 171ms (next.js: 3ms, application-code: 168ms)
 GET /inicio 200 in 161ms (next.js: 2ms, application-code: 159ms)
 GET /inicio 200 in 73ms (next.js: 1648µs, application-code: 71ms)
 GET /inicio 200 in 79ms (next.js: 1106µs, application-code: 78ms)
 GET /inicio 200 in 76ms (next.js: 8ms, application-code: 68ms)
 GET /inicio 200 in 77ms (next.js: 1243µs, application-code: 76ms)
 GET /inicio 200 in 69ms (next.js: 9ms, application-code: 59ms)
 GET /inicio 200 in 69ms (next.js: 1529µs, application-code: 68ms)
 GET /inicio 200 in 67ms (next.js: 9ms, application-code: 59ms)
 GET /inicio 200 in 68ms (next.js: 1605µs, application-code: 66ms)
 GET /inicio 200 in 65ms (next.js: 1404µs, application-code: 64ms)
 GET /inicio 200 in 65ms (next.js: 8ms, application-code: 57ms)
 GET /inicio 200 in 61ms (next.js: 1451µs, application-code: 60ms)
 GET /inicio 200 in 68ms (next.js: 10ms, application-code: 58ms)
 GET /inicio 200 in 57ms (next.js: 9ms, application-code: 48ms)
 GET /inicio 200 in 58ms (next.js: 1813µs, application-code: 56ms)
 GET /inicio 200 in 57ms (next.js: 1891µs, application-code: 55ms)
 GET /inicio 200 in 57ms (next.js: 8ms, application-code: 49ms)
 GET /inicio 200 in 56ms (next.js: 6ms, application-code: 50ms)
 GET /inicio 200 in 56ms (next.js: 1117µs, application-code: 55ms)
 GET /inicio 200 in 58ms (next.js: 1551µs, application-code: 56ms)
 GET /inicio 200 in 59ms (next.js: 8ms, application-code: 51ms)
 GET /inicio 200 in 59ms (next.js: 1543µs, application-code: 58ms)
 GET /inicio 200 in 72ms (next.js: 10ms, application-code: 62ms)
 GET /inicio 200 in 57ms (next.js: 1521µs, application-code: 55ms)
 GET /inicio 200 in 56ms (next.js: 6ms, application-code: 50ms)
 GET /inicio 200 in 56ms (next.js: 1201µs, application-code: 55ms)
 GET /inicio 200 in 56ms (next.js: 7ms, application-code: 49ms)
 GET /inicio 200 in 55ms (next.js: 1697µs, application-code: 53ms)
 GET /inicio 200 in 55ms (next.js: 8ms, application-code: 47ms)
 GET /inicio 200 in 53ms (next.js: 1160µs, application-code: 52ms)
 GET /inicio 200 in 53ms (next.js: 7ms, application-code: 46ms)
 GET /inicio 200 in 58ms (next.js: 1200µs, application-code: 57ms)
 GET /inicio 200 in 70ms (next.js: 8ms, application-code: 62ms)
 GET /inicio 200 in 57ms (next.js: 1185µs, application-code: 56ms)
 GET /inicio 200 in 63ms (next.js: 7ms, application-code: 56ms)
 GET /inicio 200 in 58ms (next.js: 6ms, application-code: 51ms)
 GET /inicio 200 in 58ms (next.js: 816µs, application-code: 57ms)
 GET /inicio 200 in 59ms (next.js: 6ms, application-code: 53ms)
 GET /inicio 200 in 59ms (next.js: 906µs, application-code: 58ms)
 GET /inicio 200 in 53ms (next.js: 7ms, application-code: 46ms)
 GET /inicio 200 in 54ms (next.js: 1457µs, application-code: 52ms)
 GET /inicio 200 in 53ms (next.js: 931µs, application-code: 52ms)
 GET /inicio 200 in 55ms (next.js: 1551µs, application-code: 53ms)
 GET /inicio 200 in 54ms (next.js: 1667µs, application-code: 52ms)
 GET /inicio 200 in 53ms (next.js: 7ms, application-code: 46ms)
 GET /inicio 200 in 52ms (next.js: 1043µs, application-code: 51ms)
 GET /inicio 200 in 46ms (next.js: 1332µs, application-code: 45ms)
 GET /inicio 200 in 50ms (next.js: 1037µs, application-code: 49ms)
 GET /inicio 200 in 50ms (next.js: 7ms, application-code: 43ms)
 GET /inicio 200 in 53ms (next.js: 931µs, application-code: 52ms)
 GET /inicio 200 in 57ms (next.js: 1228µs, application-code: 56ms)
 GET /inicio 200 in 51ms (next.js: 1089µs, application-code: 50ms)
 GET /inicio 200 in 56ms (next.js: 6ms, application-code: 50ms)
 GET /inicio 200 in 51ms (next.js: 1087µs, application-code: 49ms)
 GET /inicio 200 in 51ms (next.js: 6ms, application-code: 44ms)
 GET /inicio 200 in 58ms (next.js: 923µs, application-code: 57ms)
 GET /inicio 200 in 58ms (next.js: 6ms, application-code: 52ms)
 GET /inicio 200 in 55ms (next.js: 6ms, application-code: 49ms)
 GET /inicio 200 in 56ms (next.js: 890µs, application-code: 55ms)
 GET /inicio 200 in 58ms (next.js: 819µs, application-code: 57ms)
 GET /inicio 200 in 66ms (next.js: 792µs, application-code: 65ms)
 GET /inicio 200 in 67ms (next.js: 12ms, application-code: 55ms)
 GET /inicio 200 in 68ms (next.js: 987µs, application-code: 67ms)
 GET /inicio 200 in 56ms (next.js: 1065µs, application-code: 55ms)
 GET /inicio 200 in 56ms (next.js: 7ms, application-code: 49ms)
 GET /inicio 200 in 55ms (next.js: 8ms, application-code: 47ms)
 GET /inicio 200 in 55ms (next.js: 1405µs, application-code: 54ms)
 GET /inicio 200 in 59ms (next.js: 7ms, application-code: 52ms)
 GET /inicio 200 in 60ms (next.js: 1168µs, application-code: 59ms)
 GET /inicio 200 in 63ms (next.js: 1103µs, application-code: 62ms)
 GET /inicio 200 in 69ms (next.js: 7ms, application-code: 62ms)
 GET /inicio 200 in 69ms (next.js: 7ms, application-code: 62ms)
 GET /inicio 200 in 70ms (next.js: 1471µs, application-code: 68ms)
 GET /inicio 200 in 66ms (next.js: 1553µs, application-code: 65ms)
 GET /inicio 200 in 80ms (next.js: 11ms, application-code: 69ms)
 GET /inicio 200 in 64ms (next.js: 2ms, application-code: 61ms)
 GET /inicio 200 in 69ms (next.js: 7ms, application-code: 62ms)
 GET /inicio 200 in 60ms (next.js: 1694µs, application-code: 59ms)
 GET /inicio 200 in 60ms (next.js: 7ms, application-code: 53ms)
 GET /inicio 200 in 60ms (next.js: 996µs, application-code: 59ms)
 GET /inicio 200 in 60ms (next.js: 9ms, application-code: 52ms)
 GET /inicio 200 in 58ms (next.js: 1679µs, application-code: 56ms)
 GET /inicio 200 in 58ms (next.js: 8ms, application-code: 50ms)
 GET /inicio 200 in 55ms (next.js: 1398µs, application-code: 54ms)
 GET /inicio 200 in 65ms (next.js: 8ms, application-code: 58ms)
 GET /inicio 200 in 64ms (next.js: 1793µs, application-code: 63ms)
 GET /inicio 200 in 64ms (next.js: 7ms, application-code: 57ms)
 GET /inicio 200 in 57ms (next.js: 1300µs, application-code: 55ms)
 GET /inicio 200 in 62ms (next.js: 7ms, application-code: 55ms)
 GET /inicio 200 in 55ms (next.js: 1518µs, application-code: 54ms)
 GET /inicio 200 in 55ms (next.js: 7ms, application-code: 48ms)
 GET /inicio 200 in 55ms (next.js: 1553µs, application-code: 54ms)
 GET /inicio 200 in 55ms (next.js: 11ms, application-code: 44ms)
 GET /inicio 200 in 51ms (next.js: 772µs, application-code: 50ms)
 GET /inicio 200 in 51ms (next.js: 1236µs, application-code: 50ms)
 GET /inicio 200 in 50ms (next.js: 964µs, application-code: 49ms)
 GET /inicio 200 in 51ms (next.js: 876µs, application-code: 50ms)
 GET /inicio 200 in 50ms (next.js: 1051µs, application-code: 49ms)
 GET /inicio 200 in 50ms (next.js: 7ms, application-code: 43ms)
 GET /inicio 200 in 48ms (next.js: 1275µs, application-code: 47ms)
 GET /inicio 200 in 48ms (next.js: 7ms, application-code: 41ms)
 GET /inicio 200 in 46ms (next.js: 861µs, application-code: 45ms)
 GET /inicio 200 in 50ms (next.js: 6ms, application-code: 44ms)
 GET /inicio 200 in 51ms (next.js: 733µs, application-code: 51ms)
 GET /inicio 200 in 62ms (next.js: 7ms, application-code: 55ms)
 GET /inicio 200 in 56ms (next.js: 921µs, application-code: 55ms)
 GET /inicio 200 in 56ms (next.js: 6ms, application-code: 50ms)
 GET /inicio 200 in 50ms (next.js: 6ms, application-code: 44ms)
 GET /inicio 200 in 50ms (next.js: 949µs, application-code: 49ms)
 GET /inicio 200 in 52ms (next.js: 11ms, application-code: 41ms)
 GET /inicio 200 in 52ms (next.js: 5ms, application-code: 47ms)
 GET /inicio 200 in 47ms (next.js: 1083µs, application-code: 46ms)
 GET /inicio 200 in 47ms (next.js: 6ms, application-code: 41ms)
 GET /inicio 200 in 47ms (next.js: 851µs, application-code: 46ms)
 GET /inicio 200 in 52ms (next.js: 695µs, application-code: 51ms)
 GET /inicio 200 in 52ms (next.js: 2ms, application-code: 50ms)
 GET /inicio 200 in 52ms (next.js: 7ms, application-code: 45ms)
 GET /inicio 200 in 45ms (next.js: 813µs, application-code: 44ms)
 GET /inicio 200 in 45ms (next.js: 6ms, application-code: 39ms)
 GET /inicio 200 in 49ms (next.js: 995µs, application-code: 48ms)
 GET /inicio 200 in 49ms (next.js: 6ms, application-code: 43ms)
 GET /inicio 200 in 50ms (next.js: 863µs, application-code: 49ms)
 GET /inicio 200 in 50ms (next.js: 6ms, application-code: 45ms)
 GET /inicio 200 in 52ms (next.js: 778µs, application-code: 51ms)
 GET /inicio 200 in 62ms (next.js: 6ms, application-code: 56ms)
 GET /inicio 200 in 57ms (next.js: 976µs, application-code: 56ms)
 GET /inicio 200 in 57ms (next.js: 6ms, application-code: 51ms)
 GET /inicio 200 in 48ms (next.js: 7ms, application-code: 41ms)
 GET /inicio 200 in 48ms (next.js: 1213µs, application-code: 47ms)
 GET /inicio 200 in 46ms (next.js: 7ms, application-code: 39ms)
 GET /inicio 200 in 47ms (next.js: 1772µs, application-code: 45ms)
 GET /inicio 200 in 47ms (next.js: 996µs, application-code: 46ms)
 GET /inicio 200 in 47ms (next.js: 6ms, application-code: 41ms)
 GET /inicio 200 in 48ms (next.js: 811µs, application-code: 47ms)
 GET /inicio 200 in 59ms (next.js: 6ms, application-code: 53ms)
 GET /inicio 200 in 48ms (next.js: 6ms, application-code: 43ms)
 GET /inicio 200 in 49ms (next.js: 982µs, application-code: 48ms)
 GET /inicio 200 in 53ms (next.js: 6ms, application-code: 46ms)
 GET /inicio 200 in 53ms (next.js: 1036µs, application-code: 52ms)
 GET /inicio 200 in 52ms (next.js: 7ms, application-code: 45ms)
 GET /inicio 200 in 52ms (next.js: 1611µs, application-code: 51ms)
 GET /inicio 200 in 51ms (next.js: 6ms, application-code: 45ms)
 GET /inicio 200 in 52ms (next.js: 985µs, application-code: 51ms)
 GET /inicio 200 in 61ms (next.js: 6ms, application-code: 55ms)
 GET /inicio 200 in 62ms (next.js: 1077µs, application-code: 61ms)
 GET /inicio 200 in 47ms (next.js: 7ms, application-code: 40ms)
 GET /inicio 200 in 47ms (next.js: 1221µs, application-code: 46ms)
 GET /inicio 200 in 46ms (next.js: 1027µs, application-code: 45ms)
 GET /inicio 200 in 46ms (next.js: 6ms, application-code: 40ms)
 GET /inicio 200 in 40ms (next.js: 6ms, application-code: 34ms)
 GET /inicio 200 in 46ms (next.js: 1165µs, application-code: 45ms)
 GET /inicio 200 in 40ms (next.js: 6ms, application-code: 35ms)
 GET /inicio 200 in 41ms (next.js: 839µs, application-code: 40ms)
 GET /inicio 200 in 50ms (next.js: 1065µs, application-code: 49ms)
 GET /inicio 200 in 50ms (next.js: 6ms, application-code: 44ms)
 GET /inicio 200 in 50ms (next.js: 760µs, application-code: 49ms)
 GET /inicio 200 in 50ms (next.js: 1001µs, application-code: 49ms)
 GET /inicio 200 in 50ms (next.js: 6ms, application-code: 44ms)
 GET /inicio 200 in 50ms (next.js: 6ms, application-code: 44ms)
 GET /inicio 200 in 50ms (next.js: 975µs, application-code: 49ms)
 GET /inicio 200 in 54ms (next.js: 770µs, application-code: 53ms)
 GET /inicio 200 in 54ms (next.js: 6ms, application-code: 48ms)
 GET /inicio 200 in 54ms (next.js: 1008µs, application-code: 53ms)
 GET /inicio 200 in 60ms (next.js: 992µs, application-code: 59ms)
 GET /inicio 200 in 54ms (next.js: 836µs, application-code: 54ms)
 GET /inicio 200 in 60ms (next.js: 6ms, application-code: 55ms)
 GET /inicio 200 in 62ms (next.js: 7ms, application-code: 55ms)
 GET /inicio 200 in 63ms (next.js: 1122µs, application-code: 61ms)
 GET /inicio 200 in 54ms (next.js: 1272µs, application-code: 53ms)
 GET /inicio 200 in 54ms (next.js: 7ms, application-code: 47ms)
 GET /inicio 200 in 53ms (next.js: 7ms, application-code: 45ms)
 GET /inicio 200 in 53ms (next.js: 1517µs, application-code: 51ms)
 GET /inicio 200 in 57ms (next.js: 1352µs, application-code: 55ms)
 GET /inicio 200 in 63ms (next.js: 7ms, application-code: 56ms)
 GET /inicio 200 in 57ms (next.js: 1020µs, application-code: 56ms)
 GET /inicio 200 in 64ms (next.js: 7ms, application-code: 57ms)
 GET /inicio 200 in 64ms (next.js: 1421µs, application-code: 62ms)
 GET /inicio 200 in 70ms (next.js: 7ms, application-code: 64ms)
 GET /inicio 200 in 59ms (next.js: 1614µs, application-code: 57ms)
 GET /inicio 200 in 65ms (next.js: 7ms, application-code: 58ms)
 GET /inicio 200 in 55ms (next.js: 1621µs, application-code: 53ms)
 GET /inicio 200 in 54ms (next.js: 8ms, application-code: 47ms)
 GET /inicio 200 in 53ms (next.js: 1395µs, application-code: 52ms)
 GET /inicio 200 in 53ms (next.js: 7ms, application-code: 46ms)
 GET /inicio 200 in 51ms (next.js: 1098µs, application-code: 50ms)
 GET /inicio 200 in 51ms (next.js: 7ms, application-code: 44ms)
 GET /inicio 200 in 50ms (next.js: 1031µs, application-code: 49ms)
 GET /inicio 200 in 55ms (next.js: 1452µs, application-code: 54ms)
 GET /inicio 200 in 56ms (next.js: 1232µs, application-code: 54ms)
 GET /inicio 200 in 59ms (next.js: 7ms, application-code: 53ms)
 GET /inicio 200 in 54ms (next.js: 908µs, application-code: 53ms)
 GET /inicio 200 in 59ms (next.js: 6ms, application-code: 53ms)
 GET /inicio 200 in 54ms (next.js: 1028µs, application-code: 53ms)
 GET /inicio 200 in 59ms (next.js: 6ms, application-code: 53ms)
 GET /inicio 200 in 54ms (next.js: 1060µs, application-code: 53ms)
 GET /inicio 200 in 59ms (next.js: 6ms, application-code: 52ms)
 GET /inicio 200 in 52ms (next.js: 961µs, application-code: 51ms)
 GET /inicio 200 in 56ms (next.js: 6ms, application-code: 51ms)
 GET /inicio 200 in 46ms (next.js: 933µs, application-code: 45ms)
 GET /inicio 200 in 51ms (next.js: 6ms, application-code: 45ms)
 GET /inicio 200 in 46ms (next.js: 975µs, application-code: 45ms)
 GET /inicio 200 in 51ms (next.js: 6ms, application-code: 45ms)
 GET /inicio 200 in 46ms (next.js: 1037µs, application-code: 45ms)
 GET /inicio 200 in 51ms (next.js: 6ms, application-code: 45ms)
 GET /inicio 200 in 46ms (next.js: 915µs, application-code: 45ms)
 GET /inicio 200 in 46ms (next.js: 6ms, application-code: 40ms)
 GET /inicio 200 in 46ms (next.js: 921µs, application-code: 45ms)
 GET /inicio 200 in 60ms (next.js: 6ms, application-code: 55ms)
 GET /inicio 200 in 51ms (next.js: 1042µs, application-code: 49ms)
 GET /inicio 200 in 50ms (next.js: 6ms, application-code: 44ms)
 GET /inicio 200 in 51ms (next.js: 996µs, application-code: 50ms)
 GET /inicio 200 in 51ms (next.js: 6ms, application-code: 45ms)
 GET /inicio 200 in 51ms (next.js: 6ms, application-code: 45ms)
 GET /inicio 200 in 51ms (next.js: 981µs, application-code: 50ms)
 GET /inicio 200 in 51ms (next.js: 988µs, application-code: 50ms)
 GET /inicio 200 in 51ms (next.js: 6ms, application-code: 45ms)
 GET /inicio 200 in 61ms (next.js: 6ms, application-code: 54ms)
 GET /inicio 200 in 62ms (next.js: 1201µs, application-code: 60ms)
 GET /inicio 200 in 51ms (next.js: 901µs, application-code: 50ms)
 GET /inicio 200 in 52ms (next.js: 6ms, application-code: 45ms)
 GET /inicio 200 in 53ms (next.js: 6ms, application-code: 47ms)
 GET /inicio 200 in 54ms (next.js: 1251µs, application-code: 53ms)
 GET /inicio 200 in 59ms (next.js: 1089µs, application-code: 58ms)
 GET /inicio 200 in 59ms (next.js: 6ms, application-code: 53ms)
 GET /inicio 200 in 61ms (next.js: 814µs, application-code: 60ms)
 GET /inicio 200 in 76ms (next.js: 9ms, application-code: 68ms)
 GET /inicio 200 in 61ms (next.js: 7ms, application-code: 54ms)
 GET /inicio 200 in 62ms (next.js: 1735µs, application-code: 60ms)
 GET /inicio 200 in 60ms (next.js: 8ms, application-code: 51ms)
 GET /inicio 200 in 60ms (next.js: 1626µs, application-code: 59ms)
 GET /inicio 200 in 54ms (next.js: 2ms, application-code: 52ms)
 GET /inicio 200 in 54ms (next.js: 8ms, application-code: 46ms)
 GET /inicio 200 in 50ms (next.js: 6ms, application-code: 44ms)
 GET /inicio 200 in 59ms (next.js: 1160µs, application-code: 58ms)
 GET /inicio 200 in 47ms (next.js: 1238µs, application-code: 46ms)
 GET /inicio 200 in 47ms (next.js: 7ms, application-code: 40ms)
 GET /inicio 200 in 40ms (next.js: 1162µs, application-code: 38ms)
 GET /inicio 200 in 40ms (next.js: 6ms, application-code: 34ms)
 GET /inicio 200 in 41ms (next.js: 1188µs, application-code: 39ms)
 GET /inicio 200 in 41ms (next.js: 6ms, application-code: 35ms)
 GET /inicio 200 in 45ms (next.js: 1088µs, application-code: 43ms)
 GET /inicio 200 in 45ms (next.js: 5ms, application-code: 40ms)
 GET /inicio 200 in 45ms (next.js: 733µs, application-code: 45ms)
 GET /inicio 200 in 41ms (next.js: 964µs, application-code: 40ms)
 GET /inicio 200 in 46ms (next.js: 2ms, application-code: 44ms)
 GET /inicio 200 in 47ms (next.js: 7ms, application-code: 40ms)
 GET /inicio 200 in 50ms (next.js: 897µs, application-code: 49ms)
 GET /inicio 200 in 51ms (next.js: 9ms, application-code: 42ms)
 GET /inicio 200 in 60ms (next.js: 6ms, application-code: 55ms)
 GET /inicio 200 in 61ms (next.js: 1216µs, application-code: 60ms)
 GET /inicio 200 in 53ms (next.js: 829µs, application-code: 52ms)
 GET /inicio 200 in 53ms (next.js: 5ms, application-code: 48ms)
 GET /inicio 200 in 56ms (next.js: 1428µs, application-code: 54ms)
 GET /inicio 200 in 56ms (next.js: 6ms, application-code: 50ms)
 GET /inicio 200 in 51ms (next.js: 9ms, application-code: 43ms)
 GET /inicio 200 in 52ms (next.js: 2ms, application-code: 50ms)
 GET /inicio 200 in 49ms (next.js: 1142µs, application-code: 48ms)
 GET /inicio 200 in 49ms (next.js: 6ms, application-code: 43ms)
 GET /inicio 200 in 55ms (next.js: 2ms, application-code: 53ms)
 GET /inicio 200 in 55ms (next.js: 7ms, application-code: 48ms)
 GET /inicio 200 in 50ms (next.js: 1555µs, application-code: 48ms)
 GET /inicio 200 in 50ms (next.js: 6ms, application-code: 44ms)
 GET /inicio 200 in 51ms (next.js: 1824µs, application-code: 49ms)
 GET /inicio 200 in 62ms (next.js: 7ms, application-code: 55ms)
 GET /inicio 200 in 51ms (next.js: 1702µs, application-code: 50ms)
 GET /inicio 200 in 51ms (next.js: 6ms, application-code: 44ms)
 GET /inicio 200 in 51ms (next.js: 1416µs, application-code: 49ms)
 GET /inicio 200 in 51ms (next.js: 7ms, application-code: 44ms)
 GET /inicio 200 in 55ms (next.js: 6ms, application-code: 48ms)
 GET /inicio 200 in 55ms (next.js: 1567µs, application-code: 54ms)
 GET /inicio 200 in 55ms (next.js: 7ms, application-code: 48ms)
 GET /inicio 200 in 55ms (next.js: 1465µs, application-code: 54ms)
 GET /inicio 200 in 64ms (next.js: 7ms, application-code: 58ms)
 GET /inicio 200 in 65ms (next.js: 1624µs, application-code: 63ms)
 GET /inicio 200 in 53ms (next.js: 1028µs, application-code: 52ms)
 GET /inicio 200 in 53ms (next.js: 6ms, application-code: 47ms)
 GET /inicio 200 in 49ms (next.js: 7ms, application-code: 42ms)
 GET /inicio 200 in 49ms (next.js: 1495µs, application-code: 47ms)
 GET /inicio 200 in 47ms (next.js: 7ms, application-code: 41ms)
 GET /inicio 200 in 48ms (next.js: 1247µs, application-code: 46ms)
 GET /inicio 200 in 47ms (next.js: 928µs, application-code: 46ms)
 GET /inicio 200 in 47ms (next.js: 6ms, application-code: 41ms)
 GET /inicio 200 in 53ms (next.js: 1110µs, application-code: 52ms)
 GET /inicio 200 in 58ms (next.js: 6ms, application-code: 51ms)
 GET /inicio 200 in 47ms (next.js: 1133µs, application-code: 46ms)
 GET /inicio 200 in 52ms (next.js: 6ms, application-code: 46ms)
 GET /inicio 200 in 52ms (next.js: 1088µs, application-code: 51ms)
 GET /inicio 200 in 58ms (next.js: 6ms, application-code: 52ms)
 GET /inicio 200 in 53ms (next.js: 1249µs, application-code: 52ms)
 GET /inicio 200 in 53ms (next.js: 6ms, application-code: 47ms)
 GET /inicio 200 in 53ms (next.js: 840µs, application-code: 52ms)
 GET /inicio 200 in 53ms (next.js: 6ms, application-code: 47ms)
 GET /inicio 200 in 53ms (next.js: 965µs, application-code: 52ms)
 GET /inicio 200 in 64ms (next.js: 6ms, application-code: 57ms)
 GET /inicio 200 in 48ms (next.js: 1235µs, application-code: 47ms)
 GET /inicio 200 in 53ms (next.js: 7ms, application-code: 46ms)
 GET /inicio 200 in 52ms (next.js: 6ms, application-code: 46ms)
 GET /inicio 200 in 52ms (next.js: 1072µs, application-code: 51ms)
 GET /inicio 200 in 47ms (next.js: 933µs, application-code: 46ms)
 GET /inicio 200 in 47ms (next.js: 6ms, application-code: 41ms)
 GET /inicio 200 in 47ms (next.js: 1073µs, application-code: 46ms)
 GET /inicio 200 in 48ms (next.js: 6ms, application-code: 41ms)
 GET /inicio 200 in 47ms (next.js: 954µs, application-code: 46ms)
 GET /inicio 200 in 53ms (next.js: 6ms, application-code: 47ms)
 GET /inicio 200 in 52ms (next.js: 813µs, application-code: 51ms)
 GET /inicio 200 in 61ms (next.js: 6ms, application-code: 55ms)
 GET /inicio 200 in 63ms (next.js: 1253µs, application-code: 62ms)
 GET /inicio 200 in 64ms (next.js: 7ms, application-code: 57ms)
 GET /inicio 200 in 59ms (next.js: 1309µs, application-code: 58ms)
 GET /inicio 200 in 65ms (next.js: 6ms, application-code: 59ms)
 GET /inicio 200 in 61ms (next.js: 1110µs, application-code: 60ms)
 GET /inicio 200 in 67ms (next.js: 6ms, application-code: 61ms)
 GET /inicio 200 in 58ms (next.js: 3ms, application-code: 55ms)
 GET /inicio 200 in 53ms (next.js: 1124µs, application-code: 52ms)
 GET /inicio 200 in 58ms (next.js: 7ms, application-code: 51ms)
 GET /inicio 200 in 51ms (next.js: 918µs, application-code: 50ms)
 GET /inicio 200 in 50ms (next.js: 1499µs, application-code: 49ms)
 GET /inicio 200 in 49ms (next.js: 1192µs, application-code: 48ms)
 GET /inicio 200 in 54ms (next.js: 7ms, application-code: 48ms)
 GET /inicio 200 in 48ms (next.js: 899µs, application-code: 47ms)
 GET /inicio 200 in 53ms (next.js: 6ms, application-code: 47ms)
 GET /inicio 200 in 47ms (next.js: 871µs, application-code: 47ms)
 GET /inicio 200 in 58ms (next.js: 1189µs, application-code: 56ms)
 GET /inicio 200 in 58ms (next.js: 1034µs, application-code: 57ms)
 GET /inicio 200 in 58ms (next.js: 6ms, application-code: 51ms)
 GET /inicio 200 in 52ms (next.js: 1243µs, application-code: 51ms)
 GET /inicio 200 in 57ms (next.js: 7ms, application-code: 51ms)
 GET /inicio 200 in 51ms (next.js: 935µs, application-code: 51ms)
 GET /inicio 200 in 57ms (next.js: 6ms, application-code: 51ms)
 GET /inicio 200 in 51ms (next.js: 1055µs, application-code: 50ms)
 GET /inicio 200 in 56ms (next.js: 10ms, application-code: 46ms)
 GET /inicio 200 in 46ms (next.js: 903µs, application-code: 45ms)
 GET /inicio 200 in 51ms (next.js: 811µs, application-code: 50ms)
 GET /inicio 200 in 51ms (next.js: 936µs, application-code: 50ms)
 GET /inicio 200 in 51ms (next.js: 6ms, application-code: 45ms)
 GET /inicio 200 in 46ms (next.js: 914µs, application-code: 45ms)
 GET /inicio 200 in 46ms (next.js: 6ms, application-code: 40ms)
 GET /inicio 200 in 40ms (next.js: 944µs, application-code: 39ms)
 GET /inicio 200 in 45ms (next.js: 6ms, application-code: 39ms)
 GET /inicio 200 in 40ms (next.js: 979µs, application-code: 39ms)
 GET /inicio 200 in 45ms (next.js: 6ms, application-code: 39ms)
 GET /inicio 200 in 45ms (next.js: 723µs, application-code: 44ms)
 GET /inicio 200 in 55ms (next.js: 700µs, application-code: 54ms)
 GET /inicio 200 in 62ms (next.js: 1129µs, application-code: 61ms)
 GET /inicio 200 in 64ms (next.js: 1019µs, application-code: 63ms)
 GET /inicio 200 in 64ms (next.js: 6ms, application-code: 58ms)
 GET /inicio 200 in 61ms (next.js: 902µs, application-code: 60ms)
 GET /inicio 200 in 67ms (next.js: 6ms, application-code: 61ms)
 GET /inicio 200 in 59ms (next.js: 1654µs, application-code: 57ms)
 GET /inicio 200 in 65ms (next.js: 8ms, application-code: 57ms)
 GET /inicio 200 in 57ms (next.js: 1602µs, application-code: 55ms)
 GET /inicio 200 in 62ms (next.js: 7ms, application-code: 55ms)
 GET /inicio 200 in 56ms (next.js: 929µs, application-code: 55ms)
 GET /inicio 200 in 61ms (next.js: 1906µs, application-code: 59ms)
 GET /inicio 200 in 59ms (next.js: 1345µs, application-code: 58ms)
 GET /inicio 200 in 59ms (next.js: 7ms, application-code: 51ms)
 GET /inicio 200 in 51ms (next.js: 1473µs, application-code: 50ms)
 GET /inicio 200 in 51ms (next.js: 7ms, application-code: 44ms)
 GET /inicio 200 in 52ms (next.js: 1265µs, application-code: 51ms)
 GET /inicio 200 in 52ms (next.js: 7ms, application-code: 46ms)
 GET /inicio 200 in 52ms (next.js: 1338µs, application-code: 50ms)
 GET /inicio 200 in 52ms (next.js: 6ms, application-code: 45ms)
 GET /inicio 200 in 51ms (next.js: 688µs, application-code: 50ms)
 GET /inicio 200 in 56ms (next.js: 774µs, application-code: 56ms)
 GET /inicio 200 in 57ms (next.js: 1113µs, application-code: 56ms)
 GET /inicio 200 in 57ms (next.js: 6ms, application-code: 51ms)
 GET /inicio 200 in 48ms (next.js: 1066µs, application-code: 47ms)
 GET /inicio 200 in 53ms (next.js: 7ms, application-code: 47ms)
 GET /inicio 200 in 47ms (next.js: 903µs, application-code: 46ms)
 GET /inicio 200 in 53ms (next.js: 6ms, application-code: 47ms)
 GET /inicio 200 in 48ms (next.js: 944µs, application-code: 47ms)
 GET /inicio 200 in 48ms (next.js: 6ms, application-code: 42ms)
 GET /inicio 200 in 47ms (next.js: 858µs, application-code: 47ms)
 GET /inicio 200 in 52ms (next.js: 896µs, application-code: 51ms)
 GET /inicio 200 in 47ms (next.js: 1129µs, application-code: 46ms)
 GET /inicio 200 in 52ms (next.js: 6ms, application-code: 46ms)
 GET /inicio 200 in 51ms (next.js: 1030µs, application-code: 50ms)
 GET /inicio 200 in 51ms (next.js: 6ms, application-code: 45ms)
 GET /inicio 200 in 52ms (next.js: 6ms, application-code: 46ms)
 GET /inicio 200 in 52ms (next.js: 1165µs, application-code: 51ms)
 GET /inicio 200 in 52ms (next.js: 770µs, application-code: 51ms)
 GET /inicio 200 in 52ms (next.js: 6ms, application-code: 46ms)
 GET /inicio 200 in 53ms (next.js: 951µs, application-code: 52ms)
 GET /inicio 200 in 65ms (next.js: 6ms, application-code: 59ms)
 GET /inicio 200 in 55ms (next.js: 7ms, application-code: 48ms)
 GET /inicio 200 in 56ms (next.js: 1525µs, application-code: 54ms)
 GET /inicio 200 in 49ms (next.js: 1237µs, application-code: 48ms)
 GET /inicio 200 in 49ms (next.js: 6ms, application-code: 43ms)
 GET /inicio 200 in 48ms (next.js: 1140µs, application-code: 47ms)
 GET /inicio 200 in 49ms (next.js: 6ms, application-code: 42ms)
 GET /inicio 200 in 45ms (next.js: 1401µs, application-code: 44ms)
 GET /inicio 200 in 46ms (next.js: 7ms, application-code: 38ms)
 GET /inicio 200 in 42ms (next.js: 873µs, application-code: 41ms)
 GET /inicio 200 in 51ms (next.js: 6ms, application-code: 45ms)
 GET /inicio 200 in 49ms (next.js: 1141µs, application-code: 48ms)
 GET /inicio 200 in 49ms (next.js: 6ms, application-code: 43ms)
 GET /inicio 200 in 44ms (next.js: 5ms, application-code: 39ms)
 GET /inicio 200 in 44ms (next.js: 1185µs, application-code: 43ms)
 GET /inicio 200 in 45ms (next.js: 1162µs, application-code: 44ms)
 GET /inicio 200 in 45ms (next.js: 5ms, application-code: 40ms)
 GET /inicio 200 in 45ms (next.js: 1084µs, application-code: 44ms)
 GET /inicio 200 in 45ms (next.js: 5ms, application-code: 40ms)
 GET /inicio 200 in 47ms (next.js: 712µs, application-code: 46ms)
 GET /inicio 200 in 59ms (next.js: 1398µs, application-code: 57ms)
 GET /inicio 200 in 63ms (next.js: 1146µs, application-code: 62ms)
 GET /inicio 200 in 76ms (next.js: 5ms, application-code: 71ms)
 GET /inicio 200 in 79ms (next.js: 1164µs, application-code: 77ms)
 GET /inicio 200 in 84ms (next.js: 5ms, application-code: 79ms)
 GET /inicio 200 in 80ms (next.js: 1178µs, application-code: 79ms)
 GET /inicio 200 in 81ms (next.js: 1574µs, application-code: 79ms)
 GET /inicio 200 in 80ms (next.js: 1568µs, application-code: 78ms)
 GET /inicio 200 in 80ms (next.js: 24ms, application-code: 56ms)
 GET /inicio 200 in 59ms (next.js: 2ms, application-code: 57ms)
 GET /inicio 200 in 58ms (next.js: 14ms, application-code: 45ms)
 GET /inicio 200 in 44ms (next.js: 1399µs, application-code: 43ms)
 GET /inicio 200 in 44ms (next.js: 7ms, application-code: 37ms)
 GET /inicio 200 in 46ms (next.js: 1079µs, application-code: 45ms)
 GET /inicio 200 in 52ms (next.js: 1190µs, application-code: 51ms)
 GET /inicio 200 in 47ms (next.js: 1084µs, application-code: 46ms)
 GET /inicio 200 in 47ms (next.js: 5ms, application-code: 42ms)
 GET /inicio 200 in 48ms (next.js: 1069µs, application-code: 47ms)
 GET /inicio 200 in 48ms (next.js: 5ms, application-code: 43ms)
 GET /inicio 200 in 50ms (next.js: 1089µs, application-code: 49ms)
 GET /inicio 200 in 50ms (next.js: 6ms, application-code: 45ms)
 GET /inicio 200 in 48ms (next.js: 1016µs, application-code: 47ms)
 GET /inicio 200 in 48ms (next.js: 6ms, application-code: 42ms)
 GET /inicio 200 in 48ms (next.js: 1123µs, application-code: 47ms)
 GET /inicio 200 in 60ms (next.js: 6ms, application-code: 53ms)
 GET /inicio 200 in 50ms (next.js: 1305µs, application-code: 49ms)
 GET /inicio 200 in 58ms (next.js: 6ms, application-code: 51ms)
 GET /inicio 200 in 60ms (next.js: 947µs, application-code: 59ms)
 GET /inicio 200 in 60ms (next.js: 6ms, application-code: 54ms)
 GET /inicio 200 in 56ms (next.js: 6ms, application-code: 50ms)
 GET /inicio 200 in 57ms (next.js: 956µs, application-code: 56ms)
 GET /inicio 200 in 62ms (next.js: 7ms, application-code: 56ms)
 GET /inicio 200 in 63ms (next.js: 1173µs, application-code: 62ms)
 GET /inicio 200 in 64ms (next.js: 1821µs, application-code: 62ms)
 GET /inicio 200 in 76ms (next.js: 9ms, application-code: 67ms)
 GET /inicio 200 in 62ms (next.js: 1254µs, application-code: 61ms)
 GET /inicio 200 in 62ms (next.js: 8ms, application-code: 55ms)
 GET /inicio 200 in 62ms (next.js: 1658µs, application-code: 61ms)
 GET /inicio 200 in 62ms (next.js: 8ms, application-code: 55ms)
 GET /inicio 200 in 57ms (next.js: 2ms, application-code: 55ms)
 GET /inicio 200 in 57ms (next.js: 8ms, application-code: 49ms)
 GET /inicio 200 in 55ms (next.js: 1408µs, application-code: 53ms)
 GET /inicio 200 in 55ms (next.js: 8ms, application-code: 47ms)
 GET /inicio 200 in 57ms (next.js: 1796µs, application-code: 56ms)
 GET /inicio 200 in 62ms (next.js: 8ms, application-code: 54ms)
 GET /inicio 200 in 49ms (next.js: 1801µs, application-code: 47ms)
 GET /inicio 200 in 54ms (next.js: 7ms, application-code: 47ms)
 GET /inicio 200 in 48ms (next.js: 1270µs, application-code: 47ms)
 GET /inicio 200 in 53ms (next.js: 6ms, application-code: 47ms)
 GET /inicio 200 in 52ms (next.js: 1293µs, application-code: 51ms)
 GET /inicio 200 in 58ms (next.js: 6ms, application-code: 52ms)
 GET /inicio 200 in 47ms (next.js: 826µs, application-code: 46ms)
 GET /inicio 200 in 47ms (next.js: 6ms, application-code: 41ms)
 GET /inicio 200 in 35ms (next.js: 996µs, application-code: 34ms)
 GET /inicio 200 in 35ms (next.js: 6ms, application-code: 29ms)
 GET /inicio 200 in 24ms (next.js: 984µs, application-code: 23ms)
 GET /inicio 200 in 24ms (next.js: 7ms, application-code: 17ms)
 GET /inicio 200 in 8ms (next.js: 1231µs, application-code: 7ms)
 GET /manifest.webmanifest 200 in 25ms (next.js: 22ms, application-code: 3ms)
 GET /inicio 200 in 164ms (next.js: 120ms, application-code: 45ms)
 GET /inicio 200 in 166ms (next.js: 148ms, application-code: 18ms)
 GET /inicio 200 in 87ms (next.js: 1221µs, application-code: 86ms)
 GET /inicio 200 in 86ms (next.js: 1192µs, application-code: 84ms)
 GET /inicio 200 in 91ms (next.js: 2ms, application-code: 89ms)
 GET /inicio 200 in 81ms (next.js: 3ms, application-code: 78ms)
 GET /inicio 200 in 63ms (next.js: 1246µs, application-code: 62ms)
 GET /inicio 200 in 82ms (next.js: 1252µs, application-code: 81ms)
 GET /inicio 200 in 85ms (next.js: 1056µs, application-code: 84ms)
 GET /inicio 200 in 97ms (next.js: 1076µs, application-code: 95ms)
 GET /inicio 200 in 91ms (next.js: 1926µs, application-code: 89ms)
 GET /inicio 200 in 100ms (next.js: 1398µs, application-code: 98ms)
 GET /inicio 200 in 92ms (next.js: 1999µs, application-code: 90ms)
 GET /inicio 200 in 100ms (next.js: 1764µs, application-code: 98ms)
 GET /inicio 200 in 100ms (next.js: 15ms, application-code: 85ms)
 GET /inicio 200 in 77ms (next.js: 3ms, application-code: 74ms)
 GET /inicio 200 in 73ms (next.js: 1897µs, application-code: 72ms)
 GET /inicio 200 in 74ms (next.js: 1883µs, application-code: 72ms)
 GET /inicio 200 in 67ms (next.js: 1928µs, application-code: 65ms)
 GET /inicio 200 in 65ms (next.js: 1638µs, application-code: 64ms)
 GET /inicio 200 in 72ms (next.js: 10ms, application-code: 62ms)
 GET /inicio 200 in 63ms (next.js: 1455µs, application-code: 61ms)
 GET /inicio 200 in 62ms (next.js: 7ms, application-code: 55ms)
 GET /inicio 200 in 63ms (next.js: 1148µs, application-code: 62ms)
 GET /inicio 200 in 63ms (next.js: 8ms, application-code: 55ms)
 GET /inicio 200 in 61ms (next.js: 1411µs, application-code: 59ms)
 GET /inicio 200 in 68ms (next.js: 1735µs, application-code: 66ms)
 GET /inicio 200 in 81ms (next.js: 1710µs, application-code: 80ms)
 GET /inicio 200 in 107ms (next.js: 1734µs, application-code: 105ms)
 GET /inicio 200 in 116ms (next.js: 2ms, application-code: 113ms)
 GET /inicio 200 in 127ms (next.js: 8ms, application-code: 119ms)
 GET /inicio 200 in 115ms (next.js: 1393µs, application-code: 114ms)
 GET /inicio 200 in 126ms (next.js: 8ms, application-code: 119ms)
 GET /inicio 200 in 170ms (next.js: 1146µs, application-code: 168ms)
 GET /inicio 200 in 170ms (next.js: 22ms, application-code: 148ms)
 GET /inicio 200 in 155ms (next.js: 3ms, application-code: 152ms)
 GET /inicio 200 in 154ms (next.js: 17ms, application-code: 137ms)
 GET /inicio 200 in 126ms (next.js: 3ms, application-code: 123ms)
 GET /inicio 200 in 131ms (next.js: 14ms, application-code: 117ms)
 GET /inicio 200 in 117ms (next.js: 3ms, application-code: 114ms)
 GET /inicio 200 in 111ms (next.js: 3ms, application-code: 109ms)
 GET /inicio 200 in 61ms (next.js: 2ms, application-code: 59ms)
 GET /inicio 200 in 57ms (next.js: 1692µs, application-code: 56ms)
 GET /inicio 200 in 65ms (next.js: 2ms, application-code: 63ms)
 GET /inicio 200 in 65ms (next.js: 1188µs, application-code: 63ms)
 GET /inicio 200 in 64ms (next.js: 7ms, application-code: 58ms)
 GET /inicio 200 in 59ms (next.js: 1068µs, application-code: 58ms)
 GET /inicio 200 in 60ms (next.js: 7ms, application-code: 53ms)
 GET /inicio 200 in 60ms (next.js: 1112µs, application-code: 59ms)
 GET /inicio 200 in 60ms (next.js: 7ms, application-code: 53ms)
 GET /inicio 200 in 59ms (next.js: 1212µs, application-code: 58ms)
 GET /inicio 200 in 59ms (next.js: 7ms, application-code: 52ms)
 GET /inicio 200 in 50ms (next.js: 889µs, application-code: 49ms)
 GET /inicio 200 in 52ms (next.js: 860µs, application-code: 51ms)
 GET /inicio 200 in 56ms (next.js: 1992µs, application-code: 54ms)
 GET /inicio 200 in 55ms (next.js: 7ms, application-code: 48ms)
 GET /inicio 200 in 53ms (next.js: 1132µs, application-code: 52ms)
 GET /inicio 200 in 47ms (next.js: 1354µs, application-code: 46ms)
 GET /inicio 200 in 51ms (next.js: 917µs, application-code: 51ms)
 GET /inicio 200 in 57ms (next.js: 1126µs, application-code: 56ms)
 GET /inicio 200 in 48ms (next.js: 1206µs, application-code: 47ms)
 GET /inicio 200 in 57ms (next.js: 6ms, application-code: 50ms)
 GET /inicio 200 in 53ms (next.js: 777µs, application-code: 52ms)
 GET /inicio 200 in 53ms (next.js: 6ms, application-code: 47ms)
 GET /inicio 200 in 55ms (next.js: 6ms, application-code: 48ms)
 GET /inicio 200 in 55ms (next.js: 912µs, application-code: 54ms)
 GET /inicio 200 in 55ms (next.js: 6ms, application-code: 48ms)
 GET /inicio 200 in 55ms (next.js: 817µs, application-code: 54ms)
 GET /inicio 200 in 55ms (next.js: 1278µs, application-code: 54ms)
 GET /inicio 200 in 52ms (next.js: 1532µs, application-code: 50ms)
 GET /inicio 200 in 51ms (next.js: 1162µs, application-code: 49ms)
 GET /inicio 200 in 50ms (next.js: 7ms, application-code: 44ms)
 GET /inicio 200 in 49ms (next.js: 1044µs, application-code: 48ms)
 GET /inicio 200 in 44ms (next.js: 859µs, application-code: 43ms)
 GET /inicio 200 in 49ms (next.js: 988µs, application-code: 48ms)
 GET /inicio 200 in 49ms (next.js: 7ms, application-code: 42ms)
 GET /inicio 200 in 48ms (next.js: 737µs, application-code: 47ms)
 GET /inicio 200 in 55ms (next.js: 899µs, application-code: 55ms)
 GET /inicio 200 in 50ms (next.js: 945µs, application-code: 49ms)
 GET /inicio 200 in 50ms (next.js: 6ms, application-code: 44ms)
 GET /inicio 200 in 46ms (next.js: 6ms, application-code: 40ms)
 GET /inicio 200 in 47ms (next.js: 1031µs, application-code: 46ms)
 GET /inicio 200 in 52ms (next.js: 1023µs, application-code: 51ms)
 GET /inicio 200 in 63ms (next.js: 6ms, application-code: 57ms)
 GET /inicio 200 in 52ms (next.js: 1696µs, application-code: 51ms)
 GET /inicio 200 in 51ms (next.js: 6ms, application-code: 45ms)
 GET /inicio 200 in 50ms (next.js: 1419µs, application-code: 48ms)
 GET /inicio 200 in 47ms (next.js: 7ms, application-code: 40ms)
 GET /inicio 200 in 47ms (next.js: 1795µs, application-code: 46ms)
 GET /inicio 200 in 41ms (next.js: 7ms, application-code: 34ms)
 GET /inicio 200 in 53ms (next.js: 1164µs, application-code: 51ms)
 GET /inicio 200 in 47ms (next.js: 958µs, application-code: 46ms)
 GET /inicio 200 in 53ms (next.js: 6ms, application-code: 47ms)
 GET /inicio 200 in 43ms (next.js: 753µs, application-code: 42ms)
 GET /inicio 200 in 44ms (next.js: 911µs, application-code: 43ms)
 GET /inicio 200 in 44ms (next.js: 6ms, application-code: 38ms)
 GET /inicio 200 in 47ms (next.js: 1111µs, application-code: 46ms)
 GET /inicio 200 in 47ms (next.js: 6ms, application-code: 41ms)
 GET /inicio 200 in 49ms (next.js: 933µs, application-code: 48ms)
 GET /inicio 200 in 62ms (next.js: 7ms, application-code: 56ms)
 GET /inicio 200 in 64ms (next.js: 1111µs, application-code: 63ms)
 GET /inicio 200 in 64ms (next.js: 1820µs, application-code: 63ms)
 GET /inicio 200 in 70ms (next.js: 7ms, application-code: 63ms)
 GET /inicio 200 in 64ms (next.js: 1207µs, application-code: 63ms)
 GET /inicio 200 in 69ms (next.js: 7ms, application-code: 62ms)
 GET /inicio 200 in 63ms (next.js: 1480µs, application-code: 61ms)
 GET /inicio 200 in 62ms (next.js: 1887µs, application-code: 60ms)
 GET /inicio 200 in 62ms (next.js: 1284µs, application-code: 60ms)
 GET /inicio 200 in 62ms (next.js: 7ms, application-code: 54ms)
 GET /inicio 200 in 55ms (next.js: 1202µs, application-code: 54ms)
 GET /inicio 200 in 61ms (next.js: 7ms, application-code: 54ms)
 GET /inicio 200 in 55ms (next.js: 1243µs, application-code: 54ms)
 GET /inicio 200 in 61ms (next.js: 7ms, application-code: 54ms)
 GET /inicio 200 in 56ms (next.js: 1540µs, application-code: 54ms)
 GET /inicio 200 in 61ms (next.js: 7ms, application-code: 54ms)
 GET /inicio 200 in 56ms (next.js: 933µs, application-code: 55ms)
 GET /inicio 200 in 66ms (next.js: 1643µs, application-code: 65ms)
 GET /inicio 200 in 65ms (next.js: 1315µs, application-code: 64ms)
 GET /inicio 200 in 65ms (next.js: 7ms, application-code: 58ms)
 GET /inicio 200 in 59ms (next.js: 1176µs, application-code: 57ms)
 GET /inicio 200 in 59ms (next.js: 7ms, application-code: 51ms)
 GET /inicio 200 in 58ms (next.js: 1192µs, application-code: 57ms)
 GET /inicio 200 in 58ms (next.js: 7ms, application-code: 51ms)
 GET /inicio 200 in 56ms (next.js: 1480µs, application-code: 55ms)
 GET /inicio 200 in 56ms (next.js: 11ms, application-code: 45ms)
 GET /inicio 200 in 50ms (next.js: 891µs, application-code: 49ms)
 GET /inicio 200 in 50ms (next.js: 1143µs, application-code: 49ms)
 GET /inicio 200 in 44ms (next.js: 2ms, application-code: 42ms)
 GET /inicio 200 in 48ms (next.js: 7ms, application-code: 42ms)
 GET /inicio 200 in 41ms (next.js: 1095µs, application-code: 40ms)
 GET /inicio 200 in 41ms (next.js: 6ms, application-code: 35ms)
 GET /inicio 200 in 40ms (next.js: 1047µs, application-code: 39ms)
 GET /inicio 200 in 45ms (next.js: 808µs, application-code: 44ms)
 GET /inicio 200 in 40ms (next.js: 708µs, application-code: 40ms)
 GET /inicio 200 in 50ms (next.js: 946µs, application-code: 49ms)
 GET /inicio 200 in 68ms (next.js: 6ms, application-code: 61ms)
 GET /inicio 200 in 64ms (next.js: 6ms, application-code: 58ms)
 GET /inicio 200 in 65ms (next.js: 875µs, application-code: 64ms)
 GET /inicio 200 in 61ms (next.js: 767µs, application-code: 60ms)
 GET /inicio 200 in 61ms (next.js: 6ms, application-code: 56ms)
 GET /inicio 200 in 63ms (next.js: 6ms, application-code: 57ms)
 GET /inicio 200 in 64ms (next.js: 940µs, application-code: 63ms)
 GET /inicio 200 in 62ms (next.js: 12ms, application-code: 50ms)
 GET /inicio 200 in 62ms (next.js: 1229µs, application-code: 61ms)
 GET /inicio 200 in 55ms (next.js: 1110µs, application-code: 54ms)
 GET /inicio 200 in 66ms (next.js: 8ms, application-code: 58ms)
 GET /inicio 200 in 53ms (next.js: 1739µs, application-code: 51ms)
 GET /inicio 200 in 52ms (next.js: 7ms, application-code: 45ms)
 GET /inicio 200 in 50ms (next.js: 7ms, application-code: 43ms)
 GET /inicio 200 in 50ms (next.js: 1371µs, application-code: 49ms)
 GET /inicio 200 in 48ms (next.js: 1475µs, application-code: 47ms)
 GET /inicio 200 in 48ms (next.js: 7ms, application-code: 41ms)
 GET /inicio 200 in 53ms (next.js: 6ms, application-code: 47ms)
 GET /inicio 200 in 53ms (next.js: 1078µs, application-code: 52ms)
 GET /inicio 200 in 63ms (next.js: 6ms, application-code: 58ms)
 GET /inicio 200 in 64ms (next.js: 1004µs, application-code: 63ms)
 GET /inicio 200 in 54ms (next.js: 6ms, application-code: 47ms)
 GET /inicio 200 in 54ms (next.js: 1069µs, application-code: 53ms)
 GET /inicio 200 in 52ms (next.js: 7ms, application-code: 45ms)
 GET /inicio 200 in 52ms (next.js: 1577µs, application-code: 51ms)
 GET /inicio 200 in 47ms (next.js: 1304µs, application-code: 45ms)
 GET /inicio 200 in 47ms (next.js: 7ms, application-code: 40ms)
 GET /inicio 200 in 41ms (next.js: 798µs, application-code: 40ms)
 GET /inicio 200 in 46ms (next.js: 6ms, application-code: 40ms)
 GET /inicio 200 in 41ms (next.js: 1128µs, application-code: 40ms)
 GET /inicio 200 in 52ms (next.js: 6ms, application-code: 45ms)
 GET /inicio 200 in 41ms (next.js: 1009µs, application-code: 40ms)
 GET /inicio 200 in 47ms (next.js: 926µs, application-code: 46ms)
 GET /inicio 200 in 57ms (next.js: 1213µs, application-code: 55ms)
 GET /inicio 200 in 51ms (next.js: 928µs, application-code: 50ms)
 GET /inicio 200 in 51ms (next.js: 6ms, application-code: 45ms)
 GET /inicio 200 in 51ms (next.js: 6ms, application-code: 45ms)
 GET /inicio 200 in 52ms (next.js: 1043µs, application-code: 51ms)
 GET /inicio 200 in 51ms (next.js: 897µs, application-code: 50ms)
 GET /inicio 200 in 51ms (next.js: 6ms, application-code: 45ms)
 GET /inicio 200 in 51ms (next.js: 6ms, application-code: 45ms)
 GET /inicio 200 in 51ms (next.js: 818µs, application-code: 51ms)
 GET /inicio 200 in 47ms (next.js: 1174µs, application-code: 45ms)
 GET /inicio 200 in 52ms (next.js: 7ms, application-code: 45ms)
 GET /inicio 200 in 51ms (next.js: 754µs, application-code: 50ms)
 GET /inicio 200 in 51ms (next.js: 6ms, application-code: 46ms)
 GET /inicio 200 in 46ms (next.js: 6ms, application-code: 41ms)
 GET /inicio 200 in 47ms (next.js: 780µs, application-code: 46ms)
 GET /inicio 200 in 47ms (next.js: 6ms, application-code: 41ms)
 GET /inicio 200 in 47ms (next.js: 1055µs, application-code: 46ms)
 GET /inicio 200 in 50ms (next.js: 902µs, application-code: 49ms)
 GET /inicio 200 in 58ms (next.js: 6ms, application-code: 52ms)
 GET /inicio 200 in 59ms (next.js: 698µs, application-code: 58ms)
 GET /inicio 200 in 67ms (next.js: 2ms, application-code: 65ms)
 GET /inicio 200 in 67ms (next.js: 1129µs, application-code: 66ms)
 GET /inicio 200 in 67ms (next.js: 6ms, application-code: 61ms)
 GET /inicio 200 in 63ms (next.js: 1059µs, application-code: 62ms)
 GET /inicio 200 in 70ms (next.js: 7ms, application-code: 63ms)
 GET /inicio 200 in 64ms (next.js: 1498µs, application-code: 62ms)
 GET /inicio 200 in 70ms (next.js: 9ms, application-code: 60ms)
 GET /inicio 200 in 58ms (next.js: 1572µs, application-code: 56ms)
 GET /inicio 200 in 63ms (next.js: 7ms, application-code: 56ms)
 GET /inicio 200 in 57ms (next.js: 929µs, application-code: 56ms)
 GET /inicio 200 in 64ms (next.js: 1736µs, application-code: 62ms)
 GET /inicio 200 in 63ms (next.js: 1345µs, application-code: 62ms)
 GET /inicio 200 in 63ms (next.js: 8ms, application-code: 55ms)
 GET /inicio 200 in 55ms (next.js: 1504µs, application-code: 54ms)
 GET /inicio 200 in 61ms (next.js: 7ms, application-code: 53ms)
 GET /inicio 200 in 54ms (next.js: 1291µs, application-code: 53ms)
 GET /inicio 200 in 64ms (next.js: 7ms, application-code: 57ms)
 GET /inicio 200 in 58ms (next.js: 1463µs, application-code: 57ms)
 GET /inicio 200 in 63ms (next.js: 7ms, application-code: 56ms)
 GET /inicio 200 in 55ms (next.js: 976µs, application-code: 54ms)
 GET /inicio 200 in 60ms (next.js: 1146µs, application-code: 59ms)
 GET /inicio 200 in 59ms (next.js: 1024µs, application-code: 58ms)
 GET /inicio 200 in 59ms (next.js: 7ms, application-code: 52ms)
 GET /inicio 200 in 52ms (next.js: 1484µs, application-code: 51ms)
 GET /inicio 200 in 57ms (next.js: 11ms, application-code: 46ms)
 GET /inicio 200 in 46ms (next.js: 999µs, application-code: 45ms)
 GET /inicio 200 in 51ms (next.js: 6ms, application-code: 45ms)
 GET /inicio 200 in 46ms (next.js: 972µs, application-code: 45ms)
 GET /inicio 200 in 51ms (next.js: 6ms, application-code: 45ms)
 GET /inicio 200 in 46ms (next.js: 869µs, application-code: 46ms)
 GET /inicio 200 in 52ms (next.js: 822µs, application-code: 51ms)
 GET /inicio 200 in 46ms (next.js: 877µs, application-code: 46ms)
 GET /inicio 200 in 46ms (next.js: 6ms, application-code: 40ms)
 GET /inicio 200 in 47ms (next.js: 881µs, application-code: 46ms)
 GET /inicio 200 in 47ms (next.js: 6ms, application-code: 41ms)
 GET /inicio 200 in 52ms (next.js: 889µs, application-code: 52ms)
 GET /inicio 200 in 52ms (next.js: 6ms, application-code: 46ms)
 GET /inicio 200 in 53ms (next.js: 6ms, application-code: 47ms)
 GET /inicio 200 in 53ms (next.js: 729µs, application-code: 53ms)
 GET /inicio 200 in 53ms (next.js: 1081µs, application-code: 52ms)
 GET /inicio 200 in 63ms (next.js: 6ms, application-code: 57ms)
 GET /inicio 200 in 53ms (next.js: 916µs, application-code: 52ms)
 GET /inicio 200 in 53ms (next.js: 6ms, application-code: 47ms)
 GET /inicio 200 in 45ms (next.js: 1032µs, application-code: 44ms)
 GET /inicio 200 in 45ms (next.js: 6ms, application-code: 39ms)
 GET /inicio 200 in 43ms (next.js: 1042µs, application-code: 42ms)
 GET /inicio 200 in 43ms (next.js: 6ms, application-code: 37ms)
 GET /inicio 200 in 40ms (next.js: 1038µs, application-code: 39ms)
 GET /inicio 200 in 41ms (next.js: 6ms, application-code: 34ms)
 GET /inicio 200 in 38ms (next.js: 1075µs, application-code: 37ms)
 GET /inicio 200 in 38ms (next.js: 5ms, application-code: 33ms)
 GET /inicio 200 in 37ms (next.js: 1056µs, application-code: 36ms)
 GET /inicio 200 in 45ms (next.js: 5ms, application-code: 40ms)
 GET /inicio 200 in 46ms (next.js: 826µs, application-code: 45ms)
 GET /inicio 200 in 46ms (next.js: 5ms, application-code: 41ms)
 GET /inicio 200 in 43ms (next.js: 885µs, application-code: 42ms)
 GET /inicio 200 in 43ms (next.js: 5ms, application-code: 38ms)
 GET /inicio 200 in 43ms (next.js: 1075µs, application-code: 42ms)
 GET /inicio 200 in 43ms (next.js: 5ms, application-code: 38ms)
 GET /inicio 200 in 44ms (next.js: 985µs, application-code: 43ms)
 GET /inicio 200 in 44ms (next.js: 5ms, application-code: 39ms)
 GET /inicio 200 in 44ms (next.js: 788µs, application-code: 43ms)
 GET /inicio 200 in 52ms (next.js: 10ms, application-code: 42ms)
 GET /inicio 200 in 37ms (next.js: 1066µs, application-code: 36ms)
 GET /inicio 200 in 37ms (next.js: 5ms, application-code: 32ms)
 GET /inicio 200 in 37ms (next.js: 1039µs, application-code: 36ms)
 GET /inicio 200 in 37ms (next.js: 5ms, application-code: 32ms)
 GET /inicio 200 in 37ms (next.js: 5ms, application-code: 32ms)
 GET /inicio 200 in 37ms (next.js: 1055µs, application-code: 36ms)
 GET /inicio 200 in 37ms (next.js: 1088µs, application-code: 36ms)
 GET /inicio 200 in 37ms (next.js: 5ms, application-code: 32ms)
 GET /inicio 200 in 37ms (next.js: 1083µs, application-code: 36ms)
 GET /inicio 200 in 41ms (next.js: 5ms, application-code: 36ms)
 GET /inicio 200 in 38ms (next.js: 5ms, application-code: 33ms)
 GET /inicio 200 in 38ms (next.js: 804µs, application-code: 38ms)
 GET /inicio 200 in 43ms (next.js: 838µs, application-code: 42ms)
 GET /inicio 200 in 43ms (next.js: 5ms, application-code: 38ms)
 GET /inicio 200 in 48ms (next.js: 846µs, application-code: 48ms)
 GET /inicio 200 in 48ms (next.js: 5ms, application-code: 44ms)
 GET /inicio 200 in 53ms (next.js: 906µs, application-code: 52ms)
 GET /inicio 200 in 85ms (next.js: 5ms, application-code: 79ms)
 GET /inicio 200 in 80ms (next.js: 5ms, application-code: 74ms)
 GET /inicio 200 in 182ms (next.js: 1416µs, application-code: 180ms)
 GET /inicio 200 in 169ms (next.js: 7ms, application-code: 162ms)
 GET /inicio 200 in 169ms (next.js: 1547µs, application-code: 168ms)
 GET /inicio 200 in 169ms (next.js: 1148µs, application-code: 168ms)
 GET /inicio 200 in 169ms (next.js: 6ms, application-code: 163ms)
 GET /inicio 200 in 167ms (next.js: 16ms, application-code: 151ms)
 GET /inicio 200 in 167ms (next.js: 1663µs, application-code: 166ms)
 GET /inicio 200 in 145ms (next.js: 6ms, application-code: 139ms)
 GET /inicio 200 in 144ms (next.js: 19ms, application-code: 125ms)
 GET /inicio 200 in 50ms (next.js: 9ms, application-code: 41ms)
 GET /inicio 200 in 50ms (next.js: 1205µs, application-code: 49ms)
 GET /inicio 200 in 46ms (next.js: 6ms, application-code: 40ms)
 GET /inicio 200 in 47ms (next.js: 970µs, application-code: 46ms)
 GET /inicio 200 in 46ms (next.js: 6ms, application-code: 40ms)
 GET /inicio 200 in 46ms (next.js: 1126µs, application-code: 45ms)
 GET /inicio 200 in 46ms (next.js: 1122µs, application-code: 45ms)
 GET /inicio 200 in 56ms (next.js: 6ms, application-code: 50ms)
 GET /inicio 200 in 46ms (next.js: 6ms, application-code: 40ms)
 GET /inicio 200 in 46ms (next.js: 961µs, application-code: 45ms)
 GET /inicio 200 in 46ms (next.js: 1061µs, application-code: 45ms)
 GET /inicio 200 in 46ms (next.js: 6ms, application-code: 40ms)
 GET /inicio 200 in 46ms (next.js: 1020µs, application-code: 45ms)
 GET /inicio 200 in 46ms (next.js: 6ms, application-code: 40ms)
 GET /inicio 200 in 49ms (next.js: 1031µs, application-code: 48ms)
 GET /inicio 200 in 49ms (next.js: 6ms, application-code: 43ms)
 GET /inicio 200 in 54ms (next.js: 1033µs, application-code: 53ms)
 GET /inicio 200 in 54ms (next.js: 6ms, application-code: 48ms)
 GET /inicio 200 in 49ms (next.js: 1007µs, application-code: 48ms)
 GET /inicio 200 in 49ms (next.js: 6ms, application-code: 43ms)
 GET /inicio 200 in 49ms (next.js: 995µs, application-code: 48ms)
 GET /inicio 200 in 49ms (next.js: 6ms, application-code: 43ms)
 GET /inicio 200 in 46ms (next.js: 1209µs, application-code: 45ms)
 GET /inicio 200 in 46ms (next.js: 7ms, application-code: 39ms)
 GET /inicio 200 in 46ms (next.js: 766µs, application-code: 45ms)
 GET /inicio 200 in 57ms (next.js: 6ms, application-code: 51ms)
 GET /inicio 200 in 47ms (next.js: 916µs, application-code: 46ms)
 GET /inicio 200 in 47ms (next.js: 6ms, application-code: 41ms)
 GET /inicio 200 in 47ms (next.js: 1077µs, application-code: 46ms)
 GET /inicio 200 in 47ms (next.js: 6ms, application-code: 41ms)
 GET /inicio 200 in 47ms (next.js: 6ms, application-code: 41ms)
 GET /inicio 200 in 47ms (next.js: 1010µs, application-code: 46ms)
 GET /inicio 200 in 54ms (next.js: 1043µs, application-code: 53ms)
 GET /inicio 200 in 54ms (next.js: 6ms, application-code: 48ms)
 GET /inicio 200 in 57ms (next.js: 913µs, application-code: 56ms)
 GET /inicio 200 in 53ms (next.js: 829µs, application-code: 52ms)
 GET /inicio 200 in 62ms (next.js: 950µs, application-code: 61ms)
 GET /inicio 200 in 68ms (next.js: 6ms, application-code: 62ms)
 GET /inicio 200 in 63ms (next.js: 846µs, application-code: 62ms)
 GET /inicio 200 in 63ms (next.js: 12ms, application-code: 50ms)
 GET /inicio 200 in 55ms (next.js: 1287µs, application-code: 54ms)
 GET /inicio 200 in 55ms (next.js: 8ms, application-code: 47ms)
 GET /inicio 200 in 52ms (next.js: 2ms, application-code: 50ms)
 GET /inicio 200 in 52ms (next.js: 9ms, application-code: 43ms)
 GET /inicio 200 in 47ms (next.js: 1156µs, application-code: 46ms)
 GET /inicio 200 in 47ms (next.js: 7ms, application-code: 41ms)
 GET /inicio 200 in 47ms (next.js: 1108µs, application-code: 46ms)
 GET /inicio 200 in 61ms (next.js: 7ms, application-code: 55ms)
 GET /inicio 200 in 62ms (next.js: 1119µs, application-code: 61ms)
 GET /inicio 200 in 62ms (next.js: 6ms, application-code: 56ms)
 GET /inicio 200 in 59ms (next.js: 6ms, application-code: 53ms)
 GET /inicio 200 in 59ms (next.js: 912µs, application-code: 58ms)
 GET /inicio 200 in 61ms (next.js: 6ms, application-code: 55ms)
 GET /inicio 200 in 62ms (next.js: 987µs, application-code: 61ms)
 GET /inicio 200 in 63ms (next.js: 6ms, application-code: 57ms)
 GET /inicio 200 in 63ms (next.js: 1086µs, application-code: 62ms)
 GET /inicio 200 in 59ms (next.js: 1127µs, application-code: 58ms)
 GET /inicio 200 in 69ms (next.js: 12ms, application-code: 57ms)
 GET /inicio 200 in 57ms (next.js: 7ms, application-code: 50ms)
 GET /inicio 200 in 57ms (next.js: 1520µs, application-code: 56ms)
 GET /inicio 200 in 50ms (next.js: 1511µs, application-code: 48ms)
 GET /inicio 200 in 50ms (next.js: 7ms, application-code: 42ms)
 GET /inicio 200 in 48ms (next.js: 6ms, application-code: 42ms)
 GET /inicio 200 in 48ms (next.js: 1175µs, application-code: 47ms)
 GET /inicio 200 in 43ms (next.js: 1078µs, application-code: 42ms)
 GET /inicio 200 in 43ms (next.js: 6ms, application-code: 37ms)
 GET /inicio 200 in 44ms (next.js: 943µs, application-code: 43ms)
 GET /inicio 200 in 44ms (next.js: 7ms, application-code: 37ms)
 GET /inicio 200 in 48ms (next.js: 998µs, application-code: 47ms)
 GET /inicio 200 in 48ms (next.js: 6ms, application-code: 42ms)
 GET /inicio 200 in 48ms (next.js: 993µs, application-code: 47ms)
 GET /inicio 200 in 53ms (next.js: 1507µs, application-code: 52ms)
 GET /inicio 200 in 53ms (next.js: 6ms, application-code: 46ms)
 GET /inicio 200 in 52ms (next.js: 1083µs, application-code: 51ms)
 GET /inicio 200 in 52ms (next.js: 6ms, application-code: 46ms)
 GET /inicio 200 in 47ms (next.js: 1333µs, application-code: 46ms)
 GET /inicio 200 in 53ms (next.js: 7ms, application-code: 46ms)
 GET /inicio 200 in 52ms (next.js: 1046µs, application-code: 51ms)
 GET /inicio 200 in 52ms (next.js: 852µs, application-code: 51ms)
 GET /inicio 200 in 53ms (next.js: 6ms, application-code: 46ms)
 GET /inicio 200 in 48ms (next.js: 785µs, application-code: 47ms)
 GET /inicio 200 in 48ms (next.js: 6ms, application-code: 42ms)
 GET /inicio 200 in 50ms (next.js: 809µs, application-code: 49ms)
 GET /inicio 200 in 50ms (next.js: 6ms, application-code: 44ms)
 GET /inicio 200 in 55ms (next.js: 770µs, application-code: 54ms)
 GET /inicio 200 in 60ms (next.js: 6ms, application-code: 54ms)
 GET /inicio 200 in 62ms (next.js: 798µs, application-code: 61ms)
 GET /inicio 200 in 69ms (next.js: 1369µs, application-code: 67ms)
 GET /inicio 200 in 70ms (next.js: 1158µs, application-code: 69ms)
 GET /inicio 200 in 70ms (next.js: 7ms, application-code: 63ms)
 GET /inicio 200 in 64ms (next.js: 1455µs, application-code: 63ms)
 GET /inicio 200 in 70ms (next.js: 9ms, application-code: 61ms)
 GET /inicio 200 in 62ms (next.js: 6ms, application-code: 55ms)
 GET /inicio 200 in 63ms (next.js: 8ms, application-code: 55ms)
 GET /inicio 200 in 56ms (next.js: 1050µs, application-code: 55ms)
 GET /inicio 200 in 62ms (next.js: 7ms, application-code: 56ms)
 GET /inicio 200 in 57ms (next.js: 1185µs, application-code: 55ms)
 GET /inicio 200 in 63ms (next.js: 1946µs, application-code: 61ms)
 GET /inicio 200 in 61ms (next.js: 1289µs, application-code: 60ms)
 GET /inicio 200 in 61ms (next.js: 7ms, application-code: 54ms)
 GET /inicio 200 in 55ms (next.js: 1289µs, application-code: 54ms)
 GET /inicio 200 in 55ms (next.js: 7ms, application-code: 48ms)
 GET /inicio 200 in 61ms (next.js: 1379µs, application-code: 59ms)
 GET /inicio 200 in 61ms (next.js: 7ms, application-code: 54ms)
 GET /inicio 200 in 60ms (next.js: 1221µs, application-code: 59ms)
 GET /inicio 200 in 60ms (next.js: 7ms, application-code: 53ms)
 GET /inicio 200 in 59ms (next.js: 883µs, application-code: 58ms)
 GET /inicio 200 in 58ms (next.js: 1602µs, application-code: 57ms)
 GET /inicio 200 in 57ms (next.js: 1769µs, application-code: 56ms)
 GET /inicio 200 in 57ms (next.js: 8ms, application-code: 48ms)
 GET /inicio 200 in 50ms (next.js: 1059µs, application-code: 48ms)
 GET /inicio 200 in 50ms (next.js: 7ms, application-code: 43ms)
 GET /inicio 200 in 47ms (next.js: 1597µs, application-code: 45ms)
 GET /inicio 200 in 50ms (next.js: 7ms, application-code: 44ms)
 GET /inicio 200 in 43ms (next.js: 717µs, application-code: 43ms)
 GET /inicio 200 in 46ms (next.js: 1220µs, application-code: 45ms)
 GET /inicio 200 in 40ms (next.js: 1117µs, application-code: 39ms)
 GET /inicio 200 in 40ms (next.js: 6ms, application-code: 34ms)
 GET /inicio 200 in 38ms (next.js: 989µs, application-code: 37ms)
 GET /inicio 200 in 38ms (next.js: 5ms, application-code: 33ms)
 GET /inicio 200 in 40ms (next.js: 913µs, application-code: 39ms)
 GET /inicio 200 in 40ms (next.js: 5ms, application-code: 35ms)
 GET /inicio 200 in 47ms (next.js: 892µs, application-code: 46ms)
 GET /inicio 200 in 47ms (next.js: 5ms, application-code: 42ms)
 GET /inicio 200 in 50ms (next.js: 1039µs, application-code: 49ms)
 GET /inicio 200 in 56ms (next.js: 5ms, application-code: 51ms)
 GET /inicio 200 in 52ms (next.js: 1392µs, application-code: 51ms)
 GET /inicio 200 in 57ms (next.js: 6ms, application-code: 51ms)
 GET /inicio 200 in 51ms (next.js: 1050µs, application-code: 50ms)
 GET /inicio 200 in 51ms (next.js: 10ms, application-code: 42ms)
 GET /inicio 200 in 47ms (next.js: 860µs, application-code: 46ms)
 GET /inicio 200 in 47ms (next.js: 911µs, application-code: 46ms)
 GET /inicio 200 in 47ms (next.js: 1097µs, application-code: 45ms)
 GET /inicio 200 in 46ms (next.js: 6ms, application-code: 40ms)
 GET /inicio 200 in 47ms (next.js: 845µs, application-code: 46ms)
 GET /inicio 200 in 48ms (next.js: 917µs, application-code: 47ms)
 GET /inicio 200 in 49ms (next.js: 1031µs, application-code: 48ms)
 GET /inicio 200 in 54ms (next.js: 6ms, application-code: 49ms)
 GET /inicio 200 in 52ms (next.js: 669µs, application-code: 51ms)
 GET /inicio 200 in 63ms (next.js: 853µs, application-code: 63ms)
 GET /inicio 200 in 64ms (next.js: 1018µs, application-code: 63ms)
 GET /inicio 200 in 64ms (next.js: 6ms, application-code: 58ms)
 GET /inicio 200 in 58ms (next.js: 889µs, application-code: 57ms)
 GET /inicio 200 in 58ms (next.js: 7ms, application-code: 51ms)
 GET /inicio 200 in 56ms (next.js: 1228µs, application-code: 55ms)
 GET /inicio 200 in 56ms (next.js: 7ms, application-code: 49ms)
 GET /inicio 200 in 54ms (next.js: 2ms, application-code: 52ms)
 GET /inicio 200 in 53ms (next.js: 11ms, application-code: 42ms)
 GET /inicio 200 in 42ms (next.js: 911µs, application-code: 41ms)
 GET /inicio 200 in 41ms (next.js: 794µs, application-code: 40ms)
 GET /inicio 200 in 47ms (next.js: 768µs, application-code: 46ms)
 GET /inicio 200 in 48ms (next.js: 806µs, application-code: 47ms)
 GET /inicio 200 in 50ms (next.js: 969µs, application-code: 49ms)
 GET /inicio 200 in 59ms (next.js: 6ms, application-code: 53ms)
 GET /inicio 200 in 55ms (next.js: 836µs, application-code: 54ms)
 GET /inicio 200 in 63ms (next.js: 1026µs, application-code: 61ms)
 GET /inicio 200 in 68ms (next.js: 1158µs, application-code: 67ms)
 GET /inicio 200 in 69ms (next.js: 6ms, application-code: 62ms)
 GET /inicio 200 in 65ms (next.js: 823µs, application-code: 64ms)
 GET /inicio 200 in 71ms (next.js: 8ms, application-code: 64ms)
 GET /inicio 200 in 64ms (next.js: 1713µs, application-code: 63ms)
 GET /inicio 200 in 70ms (next.js: 9ms, application-code: 61ms)
 GET /inicio 200 in 62ms (next.js: 1480µs, application-code: 60ms)
 GET /inicio 200 in 68ms (next.js: 7ms, application-code: 61ms)
 GET /inicio 200 in 62ms (next.js: 1139µs, application-code: 61ms)
 GET /inicio 200 in 63ms (next.js: 1483µs, application-code: 62ms)
 GET /inicio 200 in 63ms (next.js: 1657µs, application-code: 61ms)
 GET /inicio 200 in 63ms (next.js: 7ms, application-code: 56ms)
 GET /inicio 200 in 57ms (next.js: 1384µs, application-code: 56ms)
 GET /inicio 200 in 63ms (next.js: 7ms, application-code: 55ms)
 GET /inicio 200 in 56ms (next.js: 1271µs, application-code: 55ms)
 GET /inicio 200 in 61ms (next.js: 7ms, application-code: 54ms)
 GET /inicio 200 in 54ms (next.js: 1728µs, application-code: 52ms)
 GET /inicio 200 in 58ms (next.js: 7ms, application-code: 51ms)
 GET /inicio 200 in 51ms (next.js: 1126µs, application-code: 50ms)
 GET /inicio 200 in 60ms (next.js: 1486µs, application-code: 58ms)
 GET /inicio 200 in 58ms (next.js: 1537µs, application-code: 57ms)
 GET /inicio 200 in 58ms (next.js: 7ms, application-code: 51ms)
 GET /inicio 200 in 52ms (next.js: 967µs, application-code: 51ms)
 GET /inicio 200 in 51ms (next.js: 6ms, application-code: 45ms)
 GET /inicio 200 in 51ms (next.js: 1072µs, application-code: 50ms)
 GET /inicio 200 in 51ms (next.js: 6ms, application-code: 45ms)
 GET /inicio 200 in 51ms (next.js: 929µs, application-code: 50ms)
 GET /inicio 200 in 51ms (next.js: 10ms, application-code: 41ms)
 GET /inicio 200 in 46ms (next.js: 822µs, application-code: 46ms)
 GET /inicio 200 in 52ms (next.js: 932µs, application-code: 51ms)
 GET /inicio 200 in 52ms (next.js: 1018µs, application-code: 51ms)
 GET /inicio 200 in 52ms (next.js: 6ms, application-code: 46ms)
 GET /inicio 200 in 46ms (next.js: 874µs, application-code: 46ms)
 GET /inicio 200 in 46ms (next.js: 6ms, application-code: 41ms)
 GET /inicio 200 in 41ms (next.js: 963µs, application-code: 40ms)
 GET /inicio 200 in 41ms (next.js: 6ms, application-code: 34ms)
 GET /inicio 200 in 29ms (next.js: 791µs, application-code: 29ms)
 GET /inicio 200 in 29ms (next.js: 6ms, application-code: 23ms)
 GET /inicio 200 in 18ms (next.js: 684µs, application-code: 17ms)
 GET /inicio 200 in 12ms (next.js: 691µs, application-code: 12ms)
 GET /inicio 200 in 7ms (next.js: 767µs, application-code: 6ms)
 GET /manifest.webmanifest 200 in 26ms (next.js: 24ms, application-code: 3ms)
 GET /pagamento-despesas 200 in 63ms (next.js: 36ms, application-code: 26ms)
 GET /manifest.webmanifest 200 in 4ms (next.js: 1189µs, application-code: 2ms)
 GET /inicio 200 in 20ms (next.js: 4ms, application-code: 16ms)
 GET /manifest.webmanifest 200 in 6ms (next.js: 3ms, application-code: 3ms)
✓ Compiled in 167ms
 GET /inicio 200 in 139ms (next.js: 52ms, application-code: 87ms)
 GET /inicio 200 in 139ms (next.js: 77ms, application-code: 63ms)
 GET /inicio 200 in 65ms (next.js: 3ms, application-code: 61ms)
 GET /inicio 200 in 68ms (next.js: 1699µs, application-code: 67ms)
 GET /inicio 200 in 65ms (next.js: 2ms, application-code: 63ms)
 GET /inicio 200 in 56ms (next.js: 1642µs, application-code: 54ms)
 GET /inicio 200 in 48ms (next.js: 7ms, application-code: 40ms)
 GET /inicio 200 in 33ms (next.js: 2ms, application-code: 31ms)
 GET /inicio 200 in 23ms (next.js: 2ms, application-code: 21ms)
 GET /inicio 200 in 15ms (next.js: 1516µs, application-code: 14ms)
 GET /manifest.webmanifest 200 in 33ms (next.js: 30ms, application-code: 3ms)
 GET /inicio 200 in 199ms (next.js: 5ms, application-code: 194ms)
 GET /manifest.webmanifest 200 in 14ms (next.js: 879µs, application-code: 13ms)
[browser] Image with src "/logo.png" has either width or height modified, but not the other. If you use CSS to change the size of your image, also include the styles 'width: "auto"' or 'height: "auto"' to maintain the aspect ratio.
✓ Compiled in 212ms
✓ Compiled in 120ms
✓ Compiled in 1615ms
 GET /inicio 200 in 257ms (next.js: 46ms, application-code: 211ms)
 GET /inicio 200 in 257ms (next.js: 66ms, application-code: 191ms)
 GET /inicio 200 in 178ms (next.js: 73ms, application-code: 105ms)
 GET /inicio 200 in 179ms (next.js: 3ms, application-code: 176ms)
 GET /inicio 200 in 103ms (next.js: 1754µs, application-code: 101ms)
 GET /inicio 200 in 109ms (next.js: 55ms, application-code: 53ms)
 GET /inicio 200 in 51ms (next.js: 4ms, application-code: 48ms)
 GET /inicio 200 in 51ms (next.js: 10ms, application-code: 41ms)
 GET /inicio 200 in 47ms (next.js: 7ms, application-code: 41ms)
 GET /inicio 200 in 48ms (next.js: 893µs, application-code: 47ms)
 GET /inicio 200 in 46ms (next.js: 858µs, application-code: 46ms)
 GET /inicio 200 in 51ms (next.js: 932µs, application-code: 50ms)
 GET /inicio 200 in 46ms (next.js: 809µs, application-code: 45ms)
 GET /inicio 200 in 46ms (next.js: 6ms, application-code: 40ms)
 GET /inicio 200 in 46ms (next.js: 873µs, application-code: 45ms)
 GET /inicio 200 in 46ms (next.js: 6ms, application-code: 40ms)
 GET /inicio 200 in 46ms (next.js: 6ms, application-code: 40ms)
 GET /inicio 200 in 46ms (next.js: 777µs, application-code: 45ms)
 GET /inicio 200 in 50ms (next.js: 784µs, application-code: 50ms)
 GET /inicio 200 in 50ms (next.js: 6ms, application-code: 45ms)
 GET /inicio 200 in 67ms (next.js: 6ms, application-code: 61ms)
 GET /inicio 200 in 67ms (next.js: 1073µs, application-code: 66ms)
 GET /inicio 200 in 58ms (next.js: 6ms, application-code: 52ms)
 GET /inicio 200 in 58ms (next.js: 1027µs, application-code: 57ms)
 GET /inicio 200 in 60ms (next.js: 1014µs, application-code: 59ms)
 GET /inicio 200 in 60ms (next.js: 7ms, application-code: 53ms)
 GET /inicio 200 in 57ms (next.js: 10ms, application-code: 47ms)
 GET /inicio 200 in 58ms (next.js: 1369µs, application-code: 56ms)
 GET /inicio 200 in 54ms (next.js: 1165µs, application-code: 53ms)
 GET /inicio 200 in 54ms (next.js: 7ms, application-code: 47ms)
 GET /inicio 200 in 57ms (next.js: 1702µs, application-code: 56ms)
 GET /inicio 200 in 62ms (next.js: 7ms, application-code: 55ms)
 GET /inicio 200 in 49ms (next.js: 1704µs, application-code: 48ms)
 GET /inicio 200 in 48ms (next.js: 6ms, application-code: 42ms)
 GET /inicio 200 in 42ms (next.js: 1449µs, application-code: 41ms)
 GET /inicio 200 in 47ms (next.js: 7ms, application-code: 41ms)
 GET /inicio 200 in 42ms (next.js: 1523µs, application-code: 40ms)
 GET /inicio 200 in 59ms (next.js: 6ms, application-code: 53ms)
 GET /inicio 200 in 54ms (next.js: 823µs, application-code: 53ms)
 GET /inicio 200 in 55ms (next.js: 6ms, application-code: 49ms)
 GET /inicio 200 in 59ms (next.js: 969µs, application-code: 58ms)
 GET /inicio 200 in 60ms (next.js: 863µs, application-code: 59ms)
 GET /inicio 200 in 66ms (next.js: 7ms, application-code: 59ms)
 GET /inicio 200 in 61ms (next.js: 969µs, application-code: 60ms)
 GET /inicio 200 in 67ms (next.js: 12ms, application-code: 55ms)
 GET /inicio 200 in 56ms (next.js: 791µs, application-code: 56ms)
 GET /inicio 200 in 63ms (next.js: 1668µs, application-code: 62ms)
 GET /inicio 200 in 64ms (next.js: 1646µs, application-code: 62ms)
 GET /inicio 200 in 64ms (next.js: 8ms, application-code: 55ms)
 GET /inicio 200 in 57ms (next.js: 1414µs, application-code: 55ms)
 GET /inicio 200 in 63ms (next.js: 7ms, application-code: 56ms)
 GET /inicio 200 in 57ms (next.js: 1346µs, application-code: 56ms)
 GET /inicio 200 in 63ms (next.js: 7ms, application-code: 56ms)
 GET /inicio 200 in 57ms (next.js: 1481µs, application-code: 56ms)
 GET /inicio 200 in 69ms (next.js: 7ms, application-code: 62ms)
 GET /inicio 200 in 63ms (next.js: 1055µs, application-code: 62ms)
 GET /inicio 200 in 69ms (next.js: 1630µs, application-code: 67ms)
 GET /inicio 200 in 69ms (next.js: 1259µs, application-code: 67ms)
 GET /inicio 200 in 69ms (next.js: 7ms, application-code: 61ms)
 GET /inicio 200 in 61ms (next.js: 1320µs, application-code: 60ms)
 GET /inicio 200 in 61ms (next.js: 7ms, application-code: 54ms)
 GET /inicio 200 in 60ms (next.js: 1942µs, application-code: 58ms)
 GET /inicio 200 in 60ms (next.js: 13ms, application-code: 47ms)
 GET /inicio 200 in 51ms (next.js: 1430µs, application-code: 50ms)
 GET /inicio 200 in 51ms (next.js: 7ms, application-code: 44ms)
 GET /inicio 200 in 49ms (next.js: 1119µs, application-code: 48ms)
 GET /inicio 200 in 56ms (next.js: 1063µs, application-code: 55ms)
 GET /inicio 200 in 50ms (next.js: 1616µs, application-code: 49ms)
 GET /inicio 200 in 55ms (next.js: 7ms, application-code: 49ms)
 GET /inicio 200 in 50ms (next.js: 898µs, application-code: 49ms)
 GET /inicio 200 in 55ms (next.js: 6ms, application-code: 50ms)
 GET /inicio 200 in 51ms (next.js: 928µs, application-code: 50ms)
 GET /inicio 200 in 61ms (next.js: 6ms, application-code: 55ms)
 GET /inicio 200 in 62ms (next.js: 6ms, application-code: 56ms)
 GET /inicio 200 in 62ms (next.js: 794µs, application-code: 61ms)
 GET /inicio 200 in 56ms (next.js: 998µs, application-code: 55ms)
 GET /inicio 200 in 56ms (next.js: 7ms, application-code: 50ms)
 GET /inicio 200 in 56ms (next.js: 1041µs, application-code: 55ms)
 GET /inicio 200 in 56ms (next.js: 6ms, application-code: 50ms)
 GET /inicio 200 in 56ms (next.js: 1161µs, application-code: 54ms)
 GET /inicio 200 in 56ms (next.js: 11ms, application-code: 45ms)
 GET /inicio 200 in 49ms (next.js: 1147µs, application-code: 48ms)
 GET /inicio 200 in 54ms (next.js: 1099µs, application-code: 53ms)
 GET /inicio 200 in 48ms (next.js: 935µs, application-code: 47ms)
 GET /inicio 200 in 48ms (next.js: 7ms, application-code: 41ms)
 GET /inicio 200 in 46ms (next.js: 971µs, application-code: 45ms)
 GET /inicio 200 in 46ms (next.js: 6ms, application-code: 40ms)
 GET /inicio 200 in 47ms (next.js: 934µs, application-code: 46ms)
 GET /inicio 200 in 47ms (next.js: 6ms, application-code: 41ms)
 GET /inicio 200 in 48ms (next.js: 6ms, application-code: 43ms)
 GET /inicio 200 in 49ms (next.js: 816µs, application-code: 48ms)
 GET /inicio 200 in 57ms (next.js: 945µs, application-code: 56ms)
 GET /inicio 200 in 69ms (next.js: 754µs, application-code: 68ms)
 GET /inicio 200 in 65ms (next.js: 1028µs, application-code: 64ms)
 GET /inicio 200 in 66ms (next.js: 6ms, application-code: 59ms)
 GET /inicio 200 in 68ms (next.js: 7ms, application-code: 61ms)
 GET /inicio 200 in 68ms (next.js: 1290µs, application-code: 67ms)
 GET /inicio 200 in 69ms (next.js: 871µs, application-code: 68ms)
 GET /inicio 200 in 75ms (next.js: 7ms, application-code: 68ms)
 GET /inicio 200 in 62ms (next.js: 11ms, application-code: 51ms)
 GET /inicio 200 in 68ms (next.js: 1046µs, application-code: 67ms)
 GET /inicio 200 in 55ms (next.js: 2ms, application-code: 53ms)
 GET /inicio 200 in 66ms (next.js: 9ms, application-code: 57ms)
 GET /inicio 200 in 51ms (next.js: 1514µs, application-code: 50ms)
 GET /inicio 200 in 56ms (next.js: 7ms, application-code: 49ms)
 GET /inicio 200 in 51ms (next.js: 1596µs, application-code: 50ms)
 GET /inicio 200 in 51ms (next.js: 7ms, application-code: 44ms)
 GET /inicio 200 in 51ms (next.js: 1063µs, application-code: 50ms)
 GET /inicio 200 in 51ms (next.js: 7ms, application-code: 44ms)
 GET /inicio 200 in 55ms (next.js: 6ms, application-code: 48ms)
 GET /inicio 200 in 56ms (next.js: 1122µs, application-code: 55ms)
 GET /inicio 200 in 55ms (next.js: 856µs, application-code: 54ms)
 GET /inicio 200 in 50ms (next.js: 1053µs, application-code: 49ms)
 GET /inicio 200 in 53ms (next.js: 1324µs, application-code: 51ms)
 GET /inicio 200 in 51ms (next.js: 1061µs, application-code: 50ms)
 GET /inicio 200 in 51ms (next.js: 660µs, application-code: 50ms)
 GET /inicio 200 in 51ms (next.js: 871µs, application-code: 50ms)
 GET /inicio 200 in 46ms (next.js: 1156µs, application-code: 44ms)
 GET /inicio 200 in 50ms (next.js: 6ms, application-code: 44ms)
 GET /inicio 200 in 50ms (next.js: 780µs, application-code: 49ms)
 GET /inicio 200 in 55ms (next.js: 6ms, application-code: 50ms)
 GET /inicio 200 in 45ms (next.js: 728µs, application-code: 45ms)
 GET /inicio 200 in 46ms (next.js: 6ms, application-code: 40ms)
 GET /inicio 200 in 46ms (next.js: 778µs, application-code: 45ms)
 GET /inicio 200 in 46ms (next.js: 6ms, application-code: 40ms)
 GET /inicio 200 in 46ms (next.js: 1025µs, application-code: 45ms)
 GET /inicio 200 in 46ms (next.js: 6ms, application-code: 40ms)
 GET /inicio 200 in 51ms (next.js: 764µs, application-code: 50ms)
 GET /inicio 200 in 51ms (next.js: 6ms, application-code: 45ms)
 GET /inicio 200 in 66ms (next.js: 1161µs, application-code: 65ms)
 GET /inicio 200 in 66ms (next.js: 6ms, application-code: 60ms)
 GET /inicio 200 in 63ms (next.js: 902µs, application-code: 62ms)
 GET /inicio 200 in 63ms (next.js: 6ms, application-code: 57ms)
 GET /inicio 200 in 60ms (next.js: 885µs, application-code: 59ms)
 GET /inicio 200 in 60ms (next.js: 6ms, application-code: 54ms)
 GET /inicio 200 in 58ms (next.js: 1042µs, application-code: 56ms)
 GET /inicio 200 in 58ms (next.js: 7ms, application-code: 51ms)
 GET /inicio 200 in 58ms (next.js: 1084µs, application-code: 57ms)
 GET /inicio 200 in 58ms (next.js: 8ms, application-code: 50ms)
 GET /inicio 200 in 56ms (next.js: 1419µs, application-code: 55ms)
 GET /inicio 200 in 68ms (next.js: 8ms, application-code: 60ms)
 GET /inicio 200 in 55ms (next.js: 7ms, application-code: 48ms)
 GET /inicio 200 in 56ms (next.js: 1687µs, application-code: 54ms)
 GET /inicio 200 in 55ms (next.js: 7ms, application-code: 48ms)
 GET /inicio 200 in 56ms (next.js: 1508µs, application-code: 54ms)
 GET /inicio 200 in 60ms (next.js: 7ms, application-code: 53ms)
 GET /inicio 200 in 61ms (next.js: 1685µs, application-code: 59ms)
 GET /inicio 200 in 61ms (next.js: 7ms, application-code: 54ms)
 GET /inicio 200 in 61ms (next.js: 1360µs, application-code: 60ms)
 GET /inicio 200 in 67ms (next.js: 1579µs, application-code: 65ms)
 GET /inicio 200 in 72ms (next.js: 7ms, application-code: 65ms)
 GET /inicio 200 in 60ms (next.js: 1663µs, application-code: 58ms)
 GET /inicio 200 in 59ms (next.js: 7ms, application-code: 52ms)
 GET /inicio 200 in 56ms (next.js: 1712µs, application-code: 54ms)
 GET /inicio 200 in 56ms (next.js: 7ms, application-code: 48ms)
 GET /inicio 200 in 58ms (next.js: 1905µs, application-code: 56ms)
 GET /inicio 200 in 57ms (next.js: 7ms, application-code: 50ms)
 GET /inicio 200 in 57ms (next.js: 7ms, application-code: 51ms)
 GET /inicio 200 in 58ms (next.js: 940µs, application-code: 57ms)
 GET /inicio 200 in 68ms (next.js: 8ms, application-code: 60ms)
 GET /inicio 200 in 68ms (next.js: 1051µs, application-code: 67ms)
 GET /inicio 200 in 54ms (next.js: 8ms, application-code: 46ms)
 GET /inicio 200 in 55ms (next.js: 1290µs, application-code: 53ms)
 GET /inicio 200 in 61ms (next.js: 7ms, application-code: 54ms)
 GET /inicio 200 in 62ms (next.js: 1374µs, application-code: 60ms)
 GET /inicio 200 in 72ms (next.js: 7ms, application-code: 65ms)
 GET /inicio 200 in 72ms (next.js: 1203µs, application-code: 71ms)
 GET /inicio 200 in 67ms (next.js: 6ms, application-code: 60ms)
 GET /inicio 200 in 67ms (next.js: 939µs, application-code: 66ms)
 GET /inicio 200 in 67ms (next.js: 2ms, application-code: 65ms)
 GET /inicio 200 in 78ms (next.js: 11ms, application-code: 66ms)
 GET /inicio 200 in 56ms (next.js: 2ms, application-code: 54ms)
 GET /inicio 200 in 61ms (next.js: 9ms, application-code: 52ms)
 GET /inicio 200 in 51ms (next.js: 1366µs, application-code: 49ms)
 GET /inicio 200 in 51ms (next.js: 7ms, application-code: 44ms)
 GET /inicio 200 in 49ms (next.js: 1701µs, application-code: 47ms)
 GET /inicio 200 in 49ms (next.js: 7ms, application-code: 42ms)
 GET /inicio 200 in 49ms (next.js: 999µs, application-code: 48ms)
 GET /inicio 200 in 49ms (next.js: 6ms, application-code: 43ms)
 GET /inicio 200 in 49ms (next.js: 858µs, application-code: 48ms)
 GET /inicio 200 in 59ms (next.js: 1179µs, application-code: 58ms)
 GET /inicio 200 in 60ms (next.js: 1599µs, application-code: 59ms)
 GET /inicio 200 in 59ms (next.js: 6ms, application-code: 53ms)
 GET /inicio 200 in 54ms (next.js: 1184µs, application-code: 53ms)
 GET /inicio 200 in 59ms (next.js: 7ms, application-code: 52ms)
 GET /inicio 200 in 52ms (next.js: 1109µs, application-code: 51ms)
 GET /inicio 200 in 57ms (next.js: 6ms, application-code: 51ms)
 GET /inicio 200 in 52ms (next.js: 1047µs, application-code: 51ms)
 GET /inicio 200 in 52ms (next.js: 6ms, application-code: 45ms)
 GET /inicio 200 in 46ms (next.js: 975µs, application-code: 45ms)
 GET /inicio 200 in 50ms (next.js: 814µs, application-code: 50ms)
 GET /inicio 200 in 45ms (next.js: 953µs, application-code: 44ms)
 GET /inicio 200 in 51ms (next.js: 6ms, application-code: 45ms)
 GET /inicio 200 in 46ms (next.js: 921µs, application-code: 45ms)
 GET /inicio 200 in 52ms (next.js: 6ms, application-code: 46ms)
 GET /inicio 200 in 53ms (next.js: 1167µs, application-code: 52ms)
 GET /inicio 200 in 53ms (next.js: 6ms, application-code: 47ms)
 GET /inicio 200 in 50ms (next.js: 809µs, application-code: 49ms)
 GET /inicio 200 in 51ms (next.js: 6ms, application-code: 45ms)
 GET /inicio 200 in 58ms (next.js: 915µs, application-code: 57ms)
 GET /inicio 200 in 71ms (next.js: 6ms, application-code: 64ms)
 GET /inicio 200 in 61ms (next.js: 1130µs, application-code: 60ms)
 GET /inicio 200 in 67ms (next.js: 7ms, application-code: 60ms)
 GET /inicio 200 in 62ms (next.js: 811µs, application-code: 61ms)
 GET /inicio 200 in 68ms (next.js: 7ms, application-code: 61ms)
 GET /inicio 200 in 68ms (next.js: 2ms, application-code: 66ms)
 GET /inicio 200 in 68ms (next.js: 8ms, application-code: 60ms)
 GET /inicio 200 in 56ms (next.js: 7ms, application-code: 48ms)
 GET /inicio 200 in 56ms (next.js: 1624µs, application-code: 54ms)
 GET /inicio 200 in 55ms (next.js: 1328µs, application-code: 54ms)
 GET /inicio 200 in 69ms (next.js: 8ms, application-code: 62ms)
 GET /inicio 200 in 57ms (next.js: 1548µs, application-code: 56ms)
 GET /inicio 200 in 63ms (next.js: 7ms, application-code: 57ms)
 GET /inicio 200 in 59ms (next.js: 1699µs, application-code: 57ms)
 GET /inicio 200 in 65ms (next.js: 8ms, application-code: 57ms)
 GET /inicio 200 in 60ms (next.js: 7ms, application-code: 52ms)
 GET /inicio 200 in 60ms (next.js: 1232µs, application-code: 59ms)
 GET /inicio 200 in 63ms (next.js: 9ms, application-code: 54ms)
 GET /inicio 200 in 64ms (next.js: 1639µs, application-code: 62ms)
 GET /inicio 200 in 62ms (next.js: 1506µs, application-code: 61ms)
 GET /inicio 200 in 62ms (next.js: 7ms, application-code: 55ms)
 GET /inicio 200 in 62ms (next.js: 1497µs, application-code: 61ms)
 GET /inicio 200 in 62ms (next.js: 1455µs, application-code: 61ms)
 GET /inicio 200 in 62ms (next.js: 1784µs, application-code: 61ms)
 GET /inicio 200 in 69ms (next.js: 1431µs, application-code: 68ms)
 GET /inicio 200 in 65ms (next.js: 1546µs, application-code: 63ms)
 GET /inicio 200 in 65ms (next.js: 7ms, application-code: 58ms)
 GET /inicio 200 in 58ms (next.js: 1431µs, application-code: 57ms)
 GET /inicio 200 in 64ms (next.js: 7ms, application-code: 57ms)
 GET /inicio 200 in 58ms (next.js: 1123µs, application-code: 56ms)
 GET /inicio 200 in 64ms (next.js: 7ms, application-code: 57ms)
 GET /inicio 200 in 57ms (next.js: 1907µs, application-code: 56ms)
 GET /inicio 200 in 62ms (next.js: 7ms, application-code: 55ms)
 GET /inicio 200 in 55ms (next.js: 1003µs, application-code: 54ms)
 GET /inicio 200 in 65ms (next.js: 1784µs, application-code: 63ms)
 GET /inicio 200 in 66ms (next.js: 1396µs, application-code: 64ms)
 GET /inicio 200 in 65ms (next.js: 7ms, application-code: 58ms)
 GET /inicio 200 in 58ms (next.js: 1481µs, application-code: 57ms)
 GET /inicio 200 in 68ms (next.js: 7ms, application-code: 61ms)
 GET /inicio 200 in 61ms (next.js: 1198µs, application-code: 60ms)
 GET /inicio 200 in 61ms (next.js: 6ms, application-code: 55ms)
 GET /inicio 200 in 60ms (next.js: 1192µs, application-code: 59ms)
 GET /inicio 200 in 60ms (next.js: 7ms, application-code: 53ms)
 GET /inicio 200 in 55ms (next.js: 3ms, application-code: 51ms)
 GET /inicio 200 in 59ms (next.js: 881µs, application-code: 58ms)
 GET /inicio 200 in 53ms (next.js: 5ms, application-code: 48ms)
 GET /inicio 200 in 53ms (next.js: 11ms, application-code: 42ms)
 GET /inicio 200 in 50ms (next.js: 6ms, application-code: 44ms)
 GET /inicio 200 in 50ms (next.js: 934µs, application-code: 49ms)
 GET /inicio 200 in 52ms (next.js: 935µs, application-code: 51ms)
 GET /inicio 200 in 58ms (next.js: 6ms, application-code: 52ms)
 GET /inicio 200 in 51ms (next.js: 992µs, application-code: 50ms)
 GET /inicio 200 in 56ms (next.js: 7ms, application-code: 49ms)
 GET /inicio 200 in 57ms (next.js: 1057µs, application-code: 56ms)
 GET /inicio 200 in 56ms (next.js: 1095µs, application-code: 55ms)
 GET /inicio 200 in 56ms (next.js: 7ms, application-code: 49ms)
 GET /inicio 200 in 51ms (next.js: 860µs, application-code: 50ms)
 GET /inicio 200 in 51ms (next.js: 7ms, application-code: 44ms)
 GET /inicio 200 in 40ms (next.js: 850µs, application-code: 39ms)
 GET /inicio 200 in 40ms (next.js: 6ms, application-code: 34ms)
 GET /inicio 200 in 30ms (next.js: 738µs, application-code: 30ms)
 GET /inicio 200 in 31ms (next.js: 5ms, application-code: 25ms)
 GET /inicio 200 in 17ms (next.js: 971µs, application-code: 16ms)
 GET /inicio 200 in 13ms (next.js: 2ms, application-code: 11ms)
 GET /manifest.webmanifest 200 in 33ms (next.js: 30ms, application-code: 3ms)
✓ Compiled in 162ms
⨯ ReferenceError: Cannot access 'HOME_ITEMS' before initialization
    at Module.eval (src/components/layout/sidebar.tsx:176:37)
    at module evaluation (src/components/layout/app-layout.tsx:5:1)
    at module evaluation (src/app/inicio/page.tsx:5:1)
  174 | const IS_DEV1 = process.env.NEXT_PUBLIC_APP_ENV === 'dev'
  175 |
> 176 | const NAV_COORDINATOR: NavEntry[] = [
      |                                     ^
  177 |   ...HOME_ITEMS,
  178 |   ...(IS_DEV1 ? [
  179 |     { type: 'item' as const, label: 'Meus Cards', href: '/meus-cards', icon: Inbox }, {
  digest: '378373083'
}
⨯ ReferenceError: Cannot access 'HOME_ITEMS' before initialization
    at Module.eval (src/components/layout/sidebar.tsx:176:37)
    at module evaluation (src/components/layout/app-layout.tsx:5:1)
    at module evaluation (src/app/inicio/page.tsx:5:1)
  174 | const IS_DEV1 = process.env.NEXT_PUBLIC_APP_ENV === 'dev'
  175 |
> 176 | const NAV_COORDINATOR: NavEntry[] = [
      |                                     ^
  177 |   ...HOME_ITEMS,
  178 |   ...(IS_DEV1 ? [
  179 |     { type: 'item' as const, label: 'Meus Cards', href: '/meus-cards', icon: Inbox }, {
  digest: '378373083'
}
⨯ ReferenceError: Cannot access 'HOME_ITEMS' before initialization
    at Module.eval (src/components/layout/sidebar.tsx:176:37)
    at module evaluation (src/components/layout/app-layout.tsx:5:1)
    at module evaluation (src/app/inicio/page.tsx:5:1)
  174 | const IS_DEV1 = process.env.NEXT_PUBLIC_APP_ENV === 'dev'
  175 |
> 176 | const NAV_COORDINATOR: NavEntry[] = [
      |                                     ^
  177 |   ...HOME_ITEMS,
  178 |   ...(IS_DEV1 ? [
  179 |     { type: 'item' as const, label: 'Meus Cards', href: '/meus-cards', icon: Inbox }, {
  digest: '378373083'
}
 GET /inicio 500 in 237ms (next.js: 2ms, application-code: 235ms)
 GET /inicio 500 in 120ms (next.js: 21ms, application-code: 99ms)
 GET /manifest.webmanifest 200 in 5ms (next.js: 2ms, application-code: 3ms)
[browser] Encountered a script tag while rendering React component. Scripts inside React components are never executed when rendering on the client. Consider using template tag instead (https://developer.mozilla.org/en-US/docs/Web/HTML/Element/template). 
 GET /manifest.webmanifest 200 in 2ms (next.js: 829µs, application-code: 1373µs)
[browser] [GlobalError] ReferenceError: Cannot access 'HOME_ITEMS' before initialization
    at module evaluation (src/components/layout/sidebar.tsx:176:37)
    at module evaluation (src/components/layout/app-layout.tsx:5:1)
    at module evaluation (src/app/inicio/page.tsx:5:1)
  174 | const IS_DEV1 = process.env.NEXT_PUBLIC_APP_ENV === 'dev'
  175 |
> 176 | const NAV_COORDINATOR: NavEntry[] = [
      |                                     ^
  177 |   ...HOME_ITEMS,
  178 |   ...(IS_DEV1 ? [
  179 |     { type: 'item' as const, label: 'Meus Cards', href: '/meus-cards', icon: Inbox }, (src/app/error.tsx:13:13)
✓ Compiled in 558ms
⚠ Fast Refresh had to perform a full reload when ./src/components/layout/sidebar.tsx changed. Read more: https://nextjs.org/docs/messages/fast-refresh-reload
⚠ Fast Refresh had to perform a full reload when ./src/components/layout/sidebar.tsx changed. Read more: https://nextjs.org/docs/messages/fast-refresh-reload
⨯ ReferenceError: HOME_ITEMS is not defined
    at module evaluation (src/components/layout/sidebar.tsx:176:37)
    at module evaluation (src/components/layout/app-layout.tsx:5:1)
    at module evaluation (src/app/inicio/page.tsx:5:1)
  174 | const IS_DEV1 = process.env.NEXT_PUBLIC_APP_ENV === 'dev'
  175 |
> 176 | const NAV_COORDINATOR: NavEntry[] = [
      |                                     ^
  177 |   ...HOME_ITEMS,
  178 |   ...(IS_DEV1 ? [
  179 |     { type: 'item' as const, label: 'Meus Cards', href: '/meus-cards', icon: Inbox }, {
  digest: '667178145'
}
⨯ ReferenceError: HOME_ITEMS is not defined
    at module evaluation (src/components/layout/sidebar.tsx:176:37)
    at module evaluation (src/components/layout/app-layout.tsx:5:1)
    at module evaluation (src/app/inicio/page.tsx:5:1)
  174 | const IS_DEV1 = process.env.NEXT_PUBLIC_APP_ENV === 'dev'
  175 |
> 176 | const NAV_COORDINATOR: NavEntry[] = [
      |                                     ^
  177 |   ...HOME_ITEMS,
  178 |   ...(IS_DEV1 ? [
  179 |     { type: 'item' as const, label: 'Meus Cards', href: '/meus-cards', icon: Inbox }, {
  digest: '667178145'
}
 GET /inicio 200 in 504ms (next.js: 70ms, application-code: 433ms)
 GET /inicio 200 in 519ms (next.js: 54ms, application-code: 465ms)
 GET /inicio 200 in 255ms (next.js: 226ms, application-code: 29ms)
 GET /inicio 200 in 15ms (next.js: 7ms, application-code: 8ms)
 GET /inicio 200 in 38ms (next.js: 8ms, application-code: 30ms)
 GET /inicio 500 in 447ms (next.js: 1584µs, application-code: 446ms)
 GET /inicio 500 in 269ms (next.js: 5ms, application-code: 264ms)
 GET /inicio 200 in 27ms (next.js: 996µs, application-code: 26ms)
 GET /manifest.webmanifest 200 in 25ms (next.js: 22ms, application-code: 3ms)
[browser] Encountered a script tag while rendering React component. Scripts inside React components are never executed when rendering on the client. Consider using template tag instead (https://developer.mozilla.org/en-US/docs/Web/HTML/Element/template). 
[browser] [GlobalError] ReferenceError: HOME_ITEMS is not defined
    at module evaluation (src/components/layout/sidebar.tsx:176:37)
    at module evaluation (src/components/layout/app-layout.tsx:5:1)
    at module evaluation (src/app/inicio/page.tsx:5:1)
  174 | const IS_DEV1 = process.env.NEXT_PUBLIC_APP_ENV === 'dev'
  175 |
> 176 | const NAV_COORDINATOR: NavEntry[] = [
      |                                     ^
  177 |   ...HOME_ITEMS,
  178 |   ...(IS_DEV1 ? [
  179 |     { type: 'item' as const, label: 'Meus Cards', href: '/meus-cards', icon: Inbox }, (src/app/error.tsx:13:13)
 GET /manifest.webmanifest 200 in 201ms (next.js: 200ms, application-code: 1426µs)
✓ Compiled in 531ms
⚠ Fast Refresh had to perform a full reload when ./src/components/layout/sidebar.tsx changed. Read more: https://nextjs.org/docs/messages/fast-refresh-reload
⚠ Fast Refresh had to perform a full reload when ./src/components/layout/sidebar.tsx changed. Read more: https://nextjs.org/docs/messages/fast-refresh-reload
 GET /inicio 200 in 217ms (next.js: 58ms, application-code: 160ms)
 GET /inicio 200 in 220ms (next.js: 45ms, application-code: 176ms)
 GET /inicio 200 in 31ms (next.js: 12ms, application-code: 19ms)
 GET /inicio 200 in 14ms (next.js: 4ms, application-code: 10ms)
 GET /inicio 200 in 37ms (next.js: 7ms, application-code: 30ms)
 GET /inicio 200 in 173ms (next.js: 1201µs, application-code: 172ms)
 GET /inicio 200 in 174ms (next.js: 124ms, application-code: 50ms)
 GET /manifest.webmanifest 200 in 26ms (next.js: 24ms, application-code: 2ms)
[browser] Image with src "/logo.png" has either width or height modified, but not the other. If you use CSS to change the size of your image, also include the styles 'width: "auto"' or 'height: "auto"' to maintain the aspect ratio.
✓ Compiled in 215ms
✓ Compiled in 261ms
 GET /inicio 200 in 99ms (next.js: 76ms, application-code: 24ms)
 GET /tarefas 200 in 517ms (next.js: 482ms, application-code: 35ms)
 GET /tarefas 200 in 2.1s (next.js: 2.0s, application-code: 35ms)
 GET /tarefas 200 in 9ms (next.js: 983µs, application-code: 8ms)
 GET /manifest.webmanifest 200 in 7ms (next.js: 2ms, application-code: 4ms)
 GET /inicio 200 in 15ms (next.js: 1770µs, application-code: 13ms)
 GET /notificacoes 200 in 606ms (next.js: 559ms, application-code: 47ms)
 GET /manifest.webmanifest 200 in 4ms (next.js: 1059µs, application-code: 3ms)
 GET /publicacoes 200 in 494ms (next.js: 434ms, application-code: 60ms)
 GET /tarefas 200 in 19ms (next.js: 3ms, application-code: 16ms)
 GET /manifest.webmanifest 200 in 2ms (next.js: 748µs, application-code: 1348µs)
 GET /inicio 200 in 23ms (next.js: 4ms, application-code: 20ms)
 GET /manifest.webmanifest 200 in 3ms (next.js: 1339µs, application-code: 1389µs)
 GET /tarefas 200 in 40ms (next.js: 7ms, application-code: 33ms)
 GET /manifest.webmanifest 200 in 15ms (next.js: 4ms, application-code: 11ms)
 GET /inicio 200 in 16ms (next.js: 9ms, application-code: 7ms)
 GET /manifest.webmanifest 200 in 5ms (next.js: 1721µs, application-code: 3ms)
 GET /tarefas 200 in 25ms (next.js: 6ms, application-code: 19ms)
 GET /manifest.webmanifest 200 in 3ms (next.js: 1708µs, application-code: 1622µs)
 GET /inicio 200 in 19ms (next.js: 4ms, application-code: 15ms)
 GET /manifest.webmanifest 200 in 5ms (next.js: 1182µs, application-code: 3ms)
 GET /inicio 200 in 53ms (next.js: 7ms, application-code: 46ms)
 GET /manifest.webmanifest 200 in 4ms (next.js: 1515µs, application-code: 2ms)
 GET /manifest.webmanifest 200 in 10ms (next.js: 9ms, application-code: 1312µs)
 GET /inicio 200 in 72ms (next.js: 8ms, application-code: 65ms)
 GET /inicio 200 in 25ms (next.js: 2ms, application-code: 23ms)
 GET /manifest.webmanifest 200 in 3ms (next.js: 1443µs, application-code: 1457µs)
[browser] Image with src "/logo.png" has either width or height modified, but not the other. If you use CSS to change the size of your image, also include the styles 'width: "auto"' or 'height: "auto"' to maintain the aspect ratio.
 GET /notificacoes 200 in 26ms (next.js: 10ms, application-code: 16ms)
 GET /manifest.webmanifest 200 in 3ms (next.js: 1740µs, application-code: 1540µs)
 GET /tarefas 200 in 24ms (next.js: 5ms, application-code: 19ms)
 GET /manifest.webmanifest 200 in 3ms (next.js: 2ms, application-code: 1327µs)
 GET /inicio 200 in 23ms (next.js: 3ms, application-code: 19ms)
 GET /manifest.webmanifest 200 in 8ms (next.js: 1200µs, application-code: 7ms)
 GET /notificacoes 200 in 27ms (next.js: 10ms, application-code: 18ms)
 GET /manifest.webmanifest 200 in 6ms (next.js: 4ms, application-code: 2ms)
 GET /tarefas 200 in 31ms (next.js: 5ms, application-code: 26ms)
 GET /manifest.webmanifest 200 in 3ms (next.js: 1579µs, application-code: 1436µs)
 GET /inicio 200 in 24ms (next.js: 6ms, application-code: 19ms)
 GET /manifest.webmanifest 200 in 3ms (next.js: 1250µs, application-code: 1761µs)
 GET /notificacoes 200 in 22ms (next.js: 3ms, application-code: 19ms)
 GET /manifest.webmanifest 200 in 3ms (next.js: 1045µs, application-code: 1455µs)
 GET /tarefas 200 in 27ms (next.js: 7ms, application-code: 20ms)
 GET /manifest.webmanifest 200 in 4ms (next.js: 1980µs, application-code: 1779µs)
 GET /tarefas 200 in 10ms (next.js: 1591µs, application-code: 9ms)
 GET /manifest.webmanifest 200 in 3ms (next.js: 1008µs, application-code: 1608µs)
 GET /publicacoes 200 in 27ms (next.js: 5ms, application-code: 22ms)
 GET /manifest.webmanifest 200 in 3ms (next.js: 1658µs, application-code: 1131µs)
 GET /notificacoes 200 in 19ms (next.js: 4ms, application-code: 15ms)
 GET /manifest.webmanifest 200 in 8ms (next.js: 7ms, application-code: 1287µs)
 GET /tarefas 200 in 19ms (next.js: 3ms, application-code: 15ms)
 GET /manifest.webmanifest 200 in 3ms (next.js: 1018µs, application-code: 1551µs)
✓ Compiled in 129ms
 GET /tarefas 200 in 278ms (next.js: 64ms, application-code: 214ms)
 GET /inicio 200 in 207ms (next.js: 6ms, application-code: 201ms)
 GET /tarefas 200 in 197ms (next.js: 1131µs, application-code: 195ms)
 GET /inicio 200 in 194ms (next.js: 851µs, application-code: 194ms)
 GET /tarefas 200 in 152ms (next.js: 46ms, application-code: 106ms)
 GET /inicio 200 in 129ms (next.js: 87ms, application-code: 42ms)
 GET /manifest.webmanifest 200 in 28ms (next.js: 24ms, application-code: 3ms)
✓ Compiled in 69ms
✓ Compiled in 52ms
 GET /notificacoes 200 in 107ms (next.js: 26ms, application-code: 81ms)
 GET /manifest.webmanifest 200 in 4ms (next.js: 1602µs, application-code: 2ms)
 GET /publicacoes 200 in 27ms (next.js: 12ms, application-code: 15ms)
 GET /manifest.webmanifest 200 in 3ms (next.js: 1202µs, application-code: 2ms)
 GET /notificacoes 200 in 28ms (next.js: 6ms, application-code: 22ms)
 GET /manifest.webmanifest 200 in 3ms (next.js: 1474µs, application-code: 1694µs)
 GET /tarefas 200 in 21ms (next.js: 5ms, application-code: 16ms)
 GET /manifest.webmanifest 200 in 13ms (next.js: 1280µs, application-code: 12ms)
 GET /publicacoes 200 in 20ms (next.js: 3ms, application-code: 17ms)
 GET /manifest.webmanifest 200 in 6ms (next.js: 3ms, application-code: 3ms)
 GET /tarefas 200 in 19ms (next.js: 4ms, application-code: 15ms)
 GET /manifest.webmanifest 200 in 3ms (next.js: 884µs, application-code: 2ms)
 GET /inicio 200 in 21ms (next.js: 5ms, application-code: 16ms)
 GET /manifest.webmanifest 200 in 3ms (next.js: 1266µs, application-code: 2ms)
 GET /tarefas 200 in 32ms (next.js: 12ms, application-code: 20ms)
 GET /manifest.webmanifest 200 in 6ms (next.js: 2ms, application-code: 4ms)
 GET /notificacoes 200 in 29ms (next.js: 7ms, application-code: 22ms)
 GET /manifest.webmanifest 200 in 3ms (next.js: 1277µs, application-code: 2ms)
 GET /publicacoes 200 in 23ms (next.js: 6ms, application-code: 17ms)
 GET /manifest.webmanifest 200 in 4ms (next.js: 1525µs, application-code: 2ms)
 GET /notificacoes 200 in 17ms (next.js: 3ms, application-code: 14ms)
 GET /manifest.webmanifest 200 in 6ms (next.js: 1882µs, application-code: 4ms)
 GET /publicacoes 200 in 20ms (next.js: 4ms, application-code: 16ms)
 GET /manifest.webmanifest 200 in 3ms (next.js: 969µs, application-code: 1645µs)
 GET /notificacoes 200 in 26ms (next.js: 4ms, application-code: 22ms)
 GET /manifest.webmanifest 200 in 14ms (next.js: 956µs, application-code: 13ms)
 GET /tarefas 200 in 19ms (next.js: 3ms, application-code: 16ms)
 GET /manifest.webmanifest 200 in 4ms (next.js: 2ms, application-code: 1249µs)
 GET /inicio 200 in 31ms (next.js: 6ms, application-code: 26ms)
 GET /manifest.webmanifest 200 in 2ms (next.js: 843µs, application-code: 1607µs)
✓ Compiled in 322ms
 GET /inicio 200 in 215ms (next.js: 72ms, application-code: 143ms)
 GET /inicio 200 in 219ms (next.js: 121ms, application-code: 97ms)
 GET /inicio 200 in 16ms (next.js: 1612µs, application-code: 14ms)
 GET /inicio 200 in 59ms (next.js: 2ms, application-code: 56ms)
 GET /inicio 200 in 58ms (next.js: 1039µs, application-code: 57ms)
 GET /inicio 200 in 56ms (next.js: 2ms, application-code: 53ms)
 GET /inicio 200 in 46ms (next.js: 1941µs, application-code: 44ms)
 GET /inicio 200 in 35ms (next.js: 1587µs, application-code: 34ms)
 GET /inicio 200 in 25ms (next.js: 2ms, application-code: 23ms)
 GET /inicio 200 in 14ms (next.js: 1041µs, application-code: 13ms)
 GET /manifest.webmanifest 200 in 33ms (next.js: 30ms, application-code: 3ms)
✓ Compiled in 598ms
 GET /inicio 200 in 112ms (next.js: 55ms, application-code: 57ms)
 GET /inicio 200 in 108ms (next.js: 68ms, application-code: 40ms)
 GET /inicio 200 in 43ms (next.js: 7ms, application-code: 36ms)
 GET /inicio 200 in 43ms (next.js: 996µs, application-code: 42ms)
 GET /inicio 200 in 58ms (next.js: 7ms, application-code: 51ms)
 GET /inicio 200 in 58ms (next.js: 1038µs, application-code: 57ms)
 GET /inicio 200 in 63ms (next.js: 1446µs, application-code: 62ms)
 GET /inicio 200 in 64ms (next.js: 7ms, application-code: 57ms)
 GET /inicio 200 in 64ms (next.js: 7ms, application-code: 57ms)
 GET /inicio 200 in 65ms (next.js: 1140µs, application-code: 63ms)
 GET /inicio 200 in 63ms (next.js: 833µs, application-code: 63ms)
 GET /inicio 200 in 63ms (next.js: 6ms, application-code: 57ms)
 GET /inicio 200 in 60ms (next.js: 899µs, application-code: 59ms)
 GET /inicio 200 in 72ms (next.js: 7ms, application-code: 66ms)
 GET /inicio 200 in 67ms (next.js: 1254µs, application-code: 66ms)
 GET /inicio 200 in 67ms (next.js: 7ms, application-code: 60ms)
 GET /inicio 200 in 91ms (next.js: 832µs, application-code: 90ms)
 GET /inicio 200 in 91ms (next.js: 6ms, application-code: 85ms)
 GET /inicio 200 in 109ms (next.js: 6ms, application-code: 103ms)
 GET /inicio 200 in 123ms (next.js: 876µs, application-code: 122ms)
 GET /inicio 200 in 141ms (next.js: 1291µs, application-code: 140ms)
 GET /inicio 200 in 142ms (next.js: 7ms, application-code: 135ms)
 GET /inicio 200 in 146ms (next.js: 1254µs, application-code: 145ms)
 GET /inicio 200 in 147ms (next.js: 16ms, application-code: 131ms)
 GET /inicio 200 in 169ms (next.js: 15ms, application-code: 154ms)
 GET /inicio 200 in 169ms (next.js: 4ms, application-code: 165ms)
 GET /inicio 200 in 159ms (next.js: 2ms, application-code: 156ms)
 GET /inicio 200 in 159ms (next.js: 16ms, application-code: 143ms)
 GET /inicio 200 in 143ms (next.js: 3ms, application-code: 140ms)
 GET /inicio 200 in 143ms (next.js: 3ms, application-code: 140ms)
 GET /inicio 200 in 134ms (next.js: 14ms, application-code: 121ms)
 GET /inicio 200 in 136ms (next.js: 4ms, application-code: 132ms)
 GET /inicio 200 in 72ms (next.js: 12ms, application-code: 60ms)
 GET /inicio 200 in 73ms (next.js: 1851µs, application-code: 71ms)
 GET /inicio 200 in 70ms (next.js: 1402µs, application-code: 69ms)
 GET /inicio 200 in 70ms (next.js: 9ms, application-code: 62ms)
 GET /inicio 200 in 69ms (next.js: 7ms, application-code: 62ms)
 GET /inicio 200 in 70ms (next.js: 1526µs, application-code: 68ms)
 GET /inicio 200 in 69ms (next.js: 1760µs, application-code: 67ms)
 GET /inicio 200 in 83ms (next.js: 11ms, application-code: 72ms)
 GET /inicio 200 in 63ms (next.js: 10ms, application-code: 53ms)
 GET /inicio 200 in 64ms (next.js: 3ms, application-code: 61ms)
 GET /inicio 200 in 61ms (next.js: 1692µs, application-code: 59ms)
 GET /inicio 200 in 60ms (next.js: 8ms, application-code: 53ms)
 GET /inicio 200 in 59ms (next.js: 2ms, application-code: 57ms)
 GET /inicio 200 in 59ms (next.js: 8ms, application-code: 51ms)
 GET /inicio 200 in 67ms (next.js: 1493µs, application-code: 65ms)
 GET /inicio 200 in 67ms (next.js: 8ms, application-code: 59ms)
 GET /inicio 200 in 59ms (next.js: 1180µs, application-code: 58ms)
 GET /inicio 200 in 65ms (next.js: 9ms, application-code: 57ms)
 GET /inicio 200 in 57ms (next.js: 1366µs, application-code: 56ms)
 GET /inicio 200 in 63ms (next.js: 7ms, application-code: 56ms)
 GET /inicio 200 in 58ms (next.js: 1272µs, application-code: 56ms)
 GET /inicio 200 in 58ms (next.js: 10ms, application-code: 47ms)
 GET /inicio 200 in 51ms (next.js: 950µs, application-code: 50ms)
 GET /inicio 200 in 59ms (next.js: 954µs, application-code: 58ms)
 GET /inicio 200 in 60ms (next.js: 8ms, application-code: 52ms)
 GET /inicio 200 in 62ms (next.js: 930µs, application-code: 61ms)
 GET /inicio 200 in 62ms (next.js: 7ms, application-code: 55ms)
 GET /inicio 200 in 64ms (next.js: 862µs, application-code: 63ms)
 GET /inicio 200 in 72ms (next.js: 2ms, application-code: 69ms)
 GET /inicio 200 in 63ms (next.js: 1773µs, application-code: 61ms)
 GET /inicio 200 in 69ms (next.js: 1869µs, application-code: 68ms)
 GET /inicio 200 in 69ms (next.js: 1823µs, application-code: 68ms)
 GET /inicio 200 in 75ms (next.js: 9ms, application-code: 66ms)
 GET /inicio 200 in 66ms (next.js: 1872µs, application-code: 65ms)
 GET /inicio 200 in 72ms (next.js: 8ms, application-code: 64ms)
 GET /inicio 200 in 64ms (next.js: 1187µs, application-code: 63ms)
 GET /inicio 200 in 70ms (next.js: 7ms, application-code: 63ms)
 GET /inicio 200 in 62ms (next.js: 1410µs, application-code: 60ms)
 GET /inicio 200 in 59ms (next.js: 1771µs, application-code: 58ms)
 GET /inicio 200 in 57ms (next.js: 1703µs, application-code: 55ms)
 GET /inicio 200 in 57ms (next.js: 7ms, application-code: 50ms)
 GET /inicio 200 in 51ms (next.js: 1257µs, application-code: 50ms)
 GET /inicio 200 in 51ms (next.js: 7ms, application-code: 44ms)
 GET /inicio 200 in 52ms (next.js: 1119µs, application-code: 51ms)
 GET /inicio 200 in 59ms (next.js: 6ms, application-code: 52ms)
 GET /inicio 200 in 55ms (next.js: 1013µs, application-code: 54ms)
 GET /inicio 200 in 61ms (next.js: 6ms, application-code: 55ms)
 GET /inicio 200 in 57ms (next.js: 900µs, application-code: 56ms)
 GET /inicio 200 in 69ms (next.js: 1481µs, application-code: 68ms)
 GET /inicio 200 in 68ms (next.js: 965µs, application-code: 67ms)
 GET /inicio 200 in 68ms (next.js: 8ms, application-code: 60ms)
 GET /inicio 200 in 60ms (next.js: 1332µs, application-code: 59ms)
 GET /inicio 200 in 60ms (next.js: 8ms, application-code: 52ms)
 GET /inicio 200 in 57ms (next.js: 1442µs, application-code: 56ms)
 GET /inicio 200 in 57ms (next.js: 7ms, application-code: 50ms)
 GET /inicio 200 in 56ms (next.js: 1331µs, application-code: 54ms)
 GET /inicio 200 in 55ms (next.js: 13ms, application-code: 43ms)
 GET /inicio 200 in 48ms (next.js: 742µs, application-code: 47ms)
 GET /inicio 200 in 53ms (next.js: 1008µs, application-code: 52ms)
 GET /inicio 200 in 48ms (next.js: 1187µs, application-code: 46ms)
 GET /inicio 200 in 53ms (next.js: 6ms, application-code: 47ms)
 GET /inicio 200 in 47ms (next.js: 985µs, application-code: 46ms)
 GET /inicio 200 in 53ms (next.js: 6ms, application-code: 47ms)
 GET /inicio 200 in 53ms (next.js: 749µs, application-code: 52ms)
 GET /inicio 200 in 53ms (next.js: 6ms, application-code: 47ms)
 GET /inicio 200 in 53ms (next.js: 837µs, application-code: 53ms)
 GET /inicio 200 in 53ms (next.js: 6ms, application-code: 48ms)
 GET /inicio 200 in 55ms (next.js: 1041µs, application-code: 54ms)
 GET /inicio 200 in 65ms (next.js: 6ms, application-code: 59ms)
 GET /inicio 200 in 55ms (next.js: 1163µs, application-code: 54ms)
 GET /inicio 200 in 60ms (next.js: 6ms, application-code: 54ms)
 GET /inicio 200 in 56ms (next.js: 827µs, application-code: 56ms)
 GET /inicio 200 in 57ms (next.js: 6ms, application-code: 50ms)
 GET /inicio 200 in 51ms (next.js: 7ms, application-code: 44ms)
 GET /inicio 200 in 51ms (next.js: 1322µs, application-code: 50ms)
 GET /inicio 200 in 50ms (next.js: 1195µs, application-code: 49ms)
 GET /inicio 200 in 50ms (next.js: 6ms, application-code: 44ms)
 GET /inicio 200 in 58ms (next.js: 988µs, application-code: 57ms)
 GET /inicio 200 in 57ms (next.js: 791µs, application-code: 57ms)
 GET /inicio 200 in 65ms (next.js: 7ms, application-code: 58ms)
 GET /inicio 200 in 65ms (next.js: 1210µs, application-code: 64ms)
 GET /inicio 200 in 61ms (next.js: 815µs, application-code: 60ms)
 GET /inicio 200 in 61ms (next.js: 6ms, application-code: 56ms)
 GET /inicio 200 in 69ms (next.js: 1175µs, application-code: 68ms)
 GET /inicio 200 in 76ms (next.js: 12ms, application-code: 63ms)
 GET /inicio 200 in 63ms (next.js: 1212µs, application-code: 62ms)
 GET /inicio 200 in 75ms (next.js: 7ms, application-code: 68ms)
 GET /inicio 200 in 62ms (next.js: 1141µs, application-code: 61ms)
 GET /inicio 200 in 62ms (next.js: 1522µs, application-code: 60ms)
 GET /inicio 200 in 60ms (next.js: 1768µs, application-code: 58ms)
 GET /inicio 200 in 65ms (next.js: 7ms, application-code: 58ms)
 GET /inicio 200 in 53ms (next.js: 1434µs, application-code: 52ms)
 GET /inicio 200 in 61ms (next.js: 8ms, application-code: 53ms)
 GET /inicio 200 in 54ms (next.js: 1174µs, application-code: 53ms)
 GET /inicio 200 in 59ms (next.js: 7ms, application-code: 52ms)
 GET /inicio 200 in 53ms (next.js: 1050µs, application-code: 52ms)
 GET /inicio 200 in 58ms (next.js: 1058µs, application-code: 57ms)
 GET /inicio 200 in 53ms (next.js: 1103µs, application-code: 52ms)
 GET /inicio 200 in 59ms (next.js: 7ms, application-code: 52ms)
 GET /inicio 200 in 54ms (next.js: 1334µs, application-code: 53ms)
 GET /inicio 200 in 66ms (next.js: 9ms, application-code: 58ms)
 GET /inicio 200 in 62ms (next.js: 1006µs, application-code: 61ms)
 GET /inicio 200 in 68ms (next.js: 6ms, application-code: 62ms)
 GET /inicio 200 in 71ms (next.js: 1233µs, application-code: 69ms)
 GET /inicio 200 in 71ms (next.js: 6ms, application-code: 64ms)
 GET /inicio 200 in 67ms (next.js: 976µs, application-code: 66ms)
 GET /inicio 200 in 79ms (next.js: 8ms, application-code: 71ms)
 GET /inicio 200 in 66ms (next.js: 1654µs, application-code: 65ms)
 GET /inicio 200 in 73ms (next.js: 13ms, application-code: 59ms)
 GET /inicio 200 in 59ms (next.js: 1758µs, application-code: 57ms)
 GET /inicio 200 in 65ms (next.js: 7ms, application-code: 58ms)
 GET /inicio 200 in 59ms (next.js: 1123µs, application-code: 58ms)
 GET /inicio 200 in 65ms (next.js: 8ms, application-code: 58ms)
 GET /inicio 200 in 66ms (next.js: 1731µs, application-code: 64ms)
 GET /inicio 200 in 66ms (next.js: 8ms, application-code: 58ms)
 GET /inicio 200 in 60ms (next.js: 1412µs, application-code: 58ms)
 GET /inicio 200 in 72ms (next.js: 8ms, application-code: 64ms)
 GET /inicio 200 in 59ms (next.js: 1712µs, application-code: 58ms)
 GET /inicio 200 in 69ms (next.js: 7ms, application-code: 62ms)
 GET /inicio 200 in 64ms (next.js: 1374µs, application-code: 63ms)
 GET /inicio 200 in 70ms (next.js: 7ms, application-code: 63ms)
 GET /inicio 200 in 64ms (next.js: 1302µs, application-code: 63ms)
 GET /inicio 200 in 71ms (next.js: 8ms, application-code: 63ms)
 GET /inicio 200 in 70ms (next.js: 7ms, application-code: 63ms)
 GET /inicio 200 in 71ms (next.js: 1368µs, application-code: 69ms)
 GET /inicio 200 in 63ms (next.js: 1378µs, application-code: 62ms)
 GET /inicio 200 in 73ms (next.js: 12ms, application-code: 61ms)
 GET /inicio 200 in 56ms (next.js: 1455µs, application-code: 54ms)
 GET /inicio 200 in 60ms (next.js: 7ms, application-code: 53ms)
 GET /inicio 200 in 53ms (next.js: 1990µs, application-code: 51ms)
 GET /inicio 200 in 58ms (next.js: 8ms, application-code: 50ms)
 GET /inicio 200 in 50ms (next.js: 1420µs, application-code: 49ms)
 GET /inicio 200 in 57ms (next.js: 7ms, application-code: 49ms)
 GET /inicio 200 in 58ms (next.js: 1038µs, application-code: 57ms)
 GET /inicio 200 in 58ms (next.js: 6ms, application-code: 51ms)
 GET /inicio 200 in 57ms (next.js: 1045µs, application-code: 56ms)
 GET /inicio 200 in 63ms (next.js: 6ms, application-code: 57ms)
 GET /inicio 200 in 59ms (next.js: 944µs, application-code: 58ms)
 GET /inicio 200 in 64ms (next.js: 7ms, application-code: 58ms)
 GET /inicio 200 in 58ms (next.js: 1521µs, application-code: 57ms)
 GET /inicio 200 in 64ms (next.js: 7ms, application-code: 56ms)
 GET /inicio 200 in 55ms (next.js: 777µs, application-code: 54ms)
 GET /inicio 200 in 60ms (next.js: 6ms, application-code: 54ms)
 GET /inicio 200 in 55ms (next.js: 1357µs, application-code: 54ms)
 GET /inicio 200 in 60ms (next.js: 8ms, application-code: 53ms)
 GET /inicio 200 in 48ms (next.js: 1118µs, application-code: 47ms)
 GET /inicio 200 in 53ms (next.js: 6ms, application-code: 47ms)
 GET /inicio 200 in 47ms (next.js: 1110µs, application-code: 46ms)
 GET /inicio 200 in 53ms (next.js: 6ms, application-code: 46ms)
 GET /inicio 200 in 48ms (next.js: 1037µs, application-code: 47ms)
 GET /inicio 200 in 54ms (next.js: 6ms, application-code: 48ms)
 GET /inicio 200 in 49ms (next.js: 798µs, application-code: 48ms)
 GET /inicio 200 in 55ms (next.js: 6ms, application-code: 49ms)
 GET /inicio 200 in 60ms (next.js: 1013µs, application-code: 59ms)
 GET /inicio 200 in 60ms (next.js: 6ms, application-code: 54ms)
 GET /inicio 200 in 55ms (next.js: 981µs, application-code: 54ms)
 GET /inicio 200 in 60ms (next.js: 6ms, application-code: 54ms)
 GET /inicio 200 in 54ms (next.js: 1146µs, application-code: 53ms)
 GET /inicio 200 in 59ms (next.js: 6ms, application-code: 53ms)
 GET /inicio 200 in 53ms (next.js: 1444µs, application-code: 52ms)
 GET /inicio 200 in 58ms (next.js: 7ms, application-code: 52ms)
 GET /inicio 200 in 48ms (next.js: 856µs, application-code: 48ms)
 GET /inicio 200 in 48ms (next.js: 1094µs, application-code: 47ms)
 GET /inicio 200 in 48ms (next.js: 1010µs, application-code: 47ms)
 GET /inicio 200 in 53ms (next.js: 6ms, application-code: 47ms)
 GET /inicio 200 in 47ms (next.js: 1001µs, application-code: 46ms)
 GET /inicio 200 in 53ms (next.js: 6ms, application-code: 47ms)
 GET /inicio 200 in 48ms (next.js: 1001µs, application-code: 47ms)
 GET /inicio 200 in 53ms (next.js: 6ms, application-code: 47ms)
 GET /inicio 200 in 48ms (next.js: 852µs, application-code: 47ms)
 GET /inicio 200 in 60ms (next.js: 1156µs, application-code: 59ms)
 GET /inicio 200 in 60ms (next.js: 1048µs, application-code: 59ms)
 GET /inicio 200 in 60ms (next.js: 6ms, application-code: 54ms)
 GET /inicio 200 in 56ms (next.js: 993µs, application-code: 55ms)
 GET /inicio 200 in 55ms (next.js: 6ms, application-code: 49ms)
 GET /inicio 200 in 55ms (next.js: 1110µs, application-code: 54ms)
 GET /inicio 200 in 55ms (next.js: 6ms, application-code: 48ms)
 GET /inicio 200 in 54ms (next.js: 1177µs, application-code: 53ms)
 GET /inicio 200 in 54ms (next.js: 10ms, application-code: 43ms)
 GET /inicio 200 in 49ms (next.js: 895µs, application-code: 48ms)
 GET /inicio 200 in 55ms (next.js: 835µs, application-code: 54ms)
 GET /inicio 200 in 51ms (next.js: 1154µs, application-code: 50ms)
 GET /inicio 200 in 59ms (next.js: 6ms, application-code: 53ms)
 GET /inicio 200 in 57ms (next.js: 868µs, application-code: 56ms)
 GET /inicio 200 in 65ms (next.js: 6ms, application-code: 59ms)
 GET /inicio 200 in 63ms (next.js: 881µs, application-code: 62ms)
 GET /inicio 200 in 71ms (next.js: 6ms, application-code: 65ms)
 GET /inicio 200 in 68ms (next.js: 963µs, application-code: 67ms)
 GET /inicio 200 in 79ms (next.js: 7ms, application-code: 72ms)
 GET /inicio 200 in 83ms (next.js: 1801µs, application-code: 82ms)
 GET /inicio 200 in 91ms (next.js: 10ms, application-code: 81ms)
 GET /inicio 200 in 76ms (next.js: 1739µs, application-code: 74ms)
 GET /inicio 200 in 82ms (next.js: 9ms, application-code: 73ms)
 GET /inicio 200 in 75ms (next.js: 1815µs, application-code: 73ms)
 GET /inicio 200 in 82ms (next.js: 9ms, application-code: 72ms)
 GET /inicio 200 in 74ms (next.js: 1918µs, application-code: 73ms)
 GET /inicio 200 in 81ms (next.js: 13ms, application-code: 69ms)
 GET /inicio 200 in 70ms (next.js: 1944µs, application-code: 68ms)
 GET /inicio 200 in 71ms (next.js: 11ms, application-code: 60ms)
 GET /inicio 200 in 68ms (next.js: 2ms, application-code: 66ms)
 GET /inicio 200 in 75ms (next.js: 9ms, application-code: 66ms)
 GET /inicio 200 in 67ms (next.js: 1568µs, application-code: 65ms)
 GET /inicio 200 in 73ms (next.js: 8ms, application-code: 65ms)
 GET /inicio 200 in 65ms (next.js: 1717µs, application-code: 63ms)
 GET /inicio 200 in 62ms (next.js: 2ms, application-code: 60ms)
 GET /inicio 200 in 58ms (next.js: 1697µs, application-code: 57ms)
 GET /inicio 200 in 66ms (next.js: 8ms, application-code: 58ms)
 GET /inicio 200 in 57ms (next.js: 1767µs, application-code: 55ms)
 GET /inicio 200 in 60ms (next.js: 8ms, application-code: 52ms)
 GET /inicio 200 in 51ms (next.js: 1555µs, application-code: 50ms)
 GET /inicio 200 in 54ms (next.js: 1701µs, application-code: 52ms)
 GET /inicio 200 in 48ms (next.js: 1160µs, application-code: 46ms)
 GET /inicio 200 in 53ms (next.js: 6ms, application-code: 47ms)
 GET /inicio 200 in 49ms (next.js: 1212µs, application-code: 48ms)
 GET /inicio 200 in 54ms (next.js: 10ms, application-code: 44ms)
 GET /inicio 200 in 45ms (next.js: 1173µs, application-code: 44ms)
 GET /inicio 200 in 50ms (next.js: 5ms, application-code: 45ms)
 GET /inicio 200 in 48ms (next.js: 5ms, application-code: 43ms)
 GET /inicio 200 in 50ms (next.js: 1741µs, application-code: 48ms)
 GET /inicio 200 in 45ms (next.js: 1010µs, application-code: 44ms)
 GET /inicio 200 in 55ms (next.js: 7ms, application-code: 49ms)
 GET /inicio 200 in 44ms (next.js: 1526µs, application-code: 43ms)
 GET /inicio 200 in 44ms (next.js: 6ms, application-code: 38ms)
 GET /inicio 200 in 44ms (next.js: 1159µs, application-code: 43ms)
 GET /inicio 200 in 48ms (next.js: 5ms, application-code: 43ms)
 GET /inicio 200 in 50ms (next.js: 881µs, application-code: 49ms)
 GET /inicio 200 in 50ms (next.js: 6ms, application-code: 45ms)
 GET /inicio 200 in 57ms (next.js: 6ms, application-code: 50ms)
 GET /inicio 200 in 57ms (next.js: 986µs, application-code: 56ms)
 GET /inicio 200 in 68ms (next.js: 6ms, application-code: 62ms)
 GET /inicio 200 in 68ms (next.js: 1113µs, application-code: 67ms)
 GET /inicio 200 in 57ms (next.js: 5ms, application-code: 52ms)
 GET /inicio 200 in 57ms (next.js: 10ms, application-code: 47ms)
 GET /inicio 200 in 53ms (next.js: 910µs, application-code: 52ms)
 GET /inicio 200 in 53ms (next.js: 6ms, application-code: 47ms)
 GET /inicio 200 in 47ms (next.js: 1319µs, application-code: 46ms)
 GET /inicio 200 in 47ms (next.js: 7ms, application-code: 40ms)
 GET /inicio 200 in 46ms (next.js: 6ms, application-code: 40ms)
 GET /inicio 200 in 46ms (next.js: 852µs, application-code: 45ms)
 GET /inicio 200 in 46ms (next.js: 915µs, application-code: 45ms)
 GET /inicio 200 in 41ms (next.js: 908µs, application-code: 40ms)
 GET /inicio 200 in 36ms (next.js: 1123µs, application-code: 34ms)
 GET /inicio 200 in 35ms (next.js: 829µs, application-code: 34ms)
 GET /inicio 200 in 35ms (next.js: 6ms, application-code: 29ms)
 GET /inicio 200 in 24ms (next.js: 822µs, application-code: 23ms)
 GET /inicio 200 in 24ms (next.js: 6ms, application-code: 18ms)
 GET /inicio 200 in 13ms (next.js: 860µs, application-code: 12ms)
 GET /inicio 200 in 7ms (next.js: 803µs, application-code: 6ms)
 GET /manifest.webmanifest 200 in 36ms (next.js: 34ms, application-code: 3ms)
✓ Compiled in 146ms
 GET /inicio 200 in 210ms (next.js: 5ms, application-code: 204ms)
✓ Compiled in 93ms
[browser] Image with src "/logo.png" has either width or height modified, but not the other. If you use CSS to change the size of your image, also include the styles 'width: "auto"' or 'height: "auto"' to maintain the aspect ratio.
✓ Compiled in 229ms
 GET /inicio 200 in 45ms (next.js: 9ms, application-code: 36ms)
 GET /inicio 200 in 75ms (next.js: 12ms, application-code: 63ms)
 GET /manifest.webmanifest 200 in 5ms (next.js: 1452µs, application-code: 3ms)
[browser] Image with src "/logo.png" has either width or height modified, but not the other. If you use CSS to change the size of your image, also include the styles 'width: "auto"' or 'height: "auto"' to maintain the aspect ratio.
 GET /inicio 200 in 60ms (next.js: 12ms, application-code: 48ms)
[browser] Image with src "/logo.png" has either width or height modified, but not the other. If you use CSS to change the size of your image, also include the styles 'width: "auto"' or 'height: "auto"' to maintain the aspect ratio.
✓ Compiled in 193ms
 GET /inicio 200 in 126ms (next.js: 89ms, application-code: 37ms)
 GET /inicio 200 in 127ms (next.js: 70ms, application-code: 56ms)
 GET /inicio 200 in 43ms (next.js: 1116µs, application-code: 42ms)
 GET /inicio 200 in 60ms (next.js: 994µs, application-code: 59ms)
 GET /inicio 200 in 85ms (next.js: 962µs, application-code: 84ms)
 GET /inicio 200 in 101ms (next.js: 7ms, application-code: 94ms)
 GET /inicio 200 in 123ms (next.js: 1063µs, application-code: 122ms)
 GET /inicio 200 in 124ms (next.js: 7ms, application-code: 117ms)
 GET /inicio 200 in 118ms (next.js: 11ms, application-code: 107ms)
 GET /inicio 200 in 119ms (next.js: 1242µs, application-code: 118ms)
 GET /inicio 200 in 92ms (next.js: 3ms, application-code: 89ms)
 GET /inicio 200 in 92ms (next.js: 25ms, application-code: 67ms)
 GET /manifest.webmanifest 200 in 163ms (next.js: 159ms, application-code: 4ms)
✓ Compiled in 65ms
✓ Compiled in 224ms
✓ Compiled in 271ms
✓ Compiled in 1316ms
 GET /inicio 200 in 126ms (next.js: 76ms, application-code: 50ms)
 GET /inicio 200 in 124ms (next.js: 105ms, application-code: 19ms)
 GET /inicio 200 in 62ms (next.js: 1094µs, application-code: 61ms)
 GET /inicio 200 in 61ms (next.js: 1121µs, application-code: 59ms)
 GET /inicio 200 in 70ms (next.js: 1488µs, application-code: 69ms)
 GET /inicio 200 in 71ms (next.js: 9ms, application-code: 62ms)
 GET /inicio 200 in 66ms (next.js: 1505µs, application-code: 65ms)
 GET /inicio 200 in 67ms (next.js: 8ms, application-code: 59ms)
 GET /inicio 200 in 73ms (next.js: 1005µs, application-code: 72ms)
 GET /inicio 200 in 80ms (next.js: 8ms, application-code: 72ms)
 GET /inicio 200 in 135ms (next.js: 8ms, application-code: 126ms)
 GET /inicio 200 in 135ms (next.js: 992µs, application-code: 134ms)
 GET /inicio 200 in 162ms (next.js: 1376µs, application-code: 161ms)
 GET /inicio 200 in 196ms (next.js: 7ms, application-code: 189ms)
 GET /inicio 200 in 178ms (next.js: 1192µs, application-code: 177ms)
 GET /inicio 200 in 178ms (next.js: 8ms, application-code: 170ms)
 GET /inicio 200 in 182ms (next.js: 1722µs, application-code: 181ms)
 GET /inicio 200 in 182ms (next.js: 8ms, application-code: 174ms)
 GET /inicio 200 in 229ms (next.js: 23ms, application-code: 206ms)
 GET /inicio 200 in 235ms (next.js: 14ms, application-code: 221ms)
 GET /inicio 200 in 181ms (next.js: 10ms, application-code: 172ms)
 GET /inicio 200 in 181ms (next.js: 24ms, application-code: 157ms)
 GET /inicio 200 in 143ms (next.js: 3ms, application-code: 140ms)
 GET /inicio 200 in 143ms (next.js: 16ms, application-code: 127ms)
 GET /inicio 200 in 118ms (next.js: 15ms, application-code: 103ms)
 GET /inicio 200 in 118ms (next.js: 2ms, application-code: 116ms)
 GET /inicio 200 in 22ms (next.js: 14ms, application-code: 8ms)
 GET /inicio 200 in 22ms (next.js: 2ms, application-code: 20ms)
 GET /inicio 200 in 41ms (next.js: 836µs, application-code: 40ms)
 GET /inicio 200 in 47ms (next.js: 6ms, application-code: 40ms)
 GET /inicio 200 in 41ms (next.js: 620µs, application-code: 41ms)
 GET /inicio 200 in 48ms (next.js: 828µs, application-code: 47ms)
 GET /inicio 200 in 54ms (next.js: 872µs, application-code: 53ms)
 GET /inicio 200 in 48ms (next.js: 765µs, application-code: 47ms)
 GET /inicio 200 in 43ms (next.js: 846µs, application-code: 42ms)
 GET /inicio 200 in 48ms (next.js: 995µs, application-code: 47ms)
 GET /inicio 200 in 49ms (next.js: 6ms, application-code: 43ms)
 GET /inicio 200 in 54ms (next.js: 6ms, application-code: 48ms)
 GET /inicio 200 in 55ms (next.js: 780µs, application-code: 54ms)
 GET /inicio 200 in 62ms (next.js: 888µs, application-code: 61ms)
 GET /inicio 200 in 69ms (next.js: 6ms, application-code: 63ms)
 GET /inicio 200 in 64ms (next.js: 1013µs, application-code: 63ms)
 GET /inicio 200 in 71ms (next.js: 7ms, application-code: 64ms)
 GET /inicio 200 in 66ms (next.js: 1185µs, application-code: 65ms)
 GET /inicio 200 in 72ms (next.js: 8ms, application-code: 64ms)
 GET /inicio 200 in 63ms (next.js: 1997µs, application-code: 61ms)
 GET /inicio 200 in 63ms (next.js: 8ms, application-code: 54ms)
 GET /inicio 200 in 57ms (next.js: 1494µs, application-code: 56ms)
 GET /inicio 200 in 56ms (next.js: 1617µs, application-code: 54ms)
 GET /inicio 200 in 56ms (next.js: 1614µs, application-code: 55ms)
 GET /inicio 200 in 64ms (next.js: 8ms, application-code: 56ms)
 GET /inicio 200 in 58ms (next.js: 1316µs, application-code: 57ms)
 GET /inicio 200 in 59ms (next.js: 1416µs, application-code: 57ms)
 GET /inicio 200 in 59ms (next.js: 1704µs, application-code: 58ms)
 GET /inicio 200 in 58ms (next.js: 7ms, application-code: 52ms)
 GET /inicio 200 in 60ms (next.js: 828µs, application-code: 59ms)
 GET /inicio 200 in 60ms (next.js: 7ms, application-code: 54ms)
 GET /inicio 200 in 67ms (next.js: 1804µs, application-code: 65ms)
 GET /inicio 200 in 59ms (next.js: 1891µs, application-code: 57ms)
 GET /inicio 200 in 62ms (next.js: 1330µs, application-code: 60ms)
 GET /inicio 200 in 60ms (next.js: 1429µs, application-code: 59ms)
 GET /inicio 200 in 60ms (next.js: 1275µs, application-code: 59ms)
 GET /inicio 200 in 66ms (next.js: 8ms, application-code: 59ms)
 GET /inicio 200 in 59ms (next.js: 967µs, application-code: 58ms)
 GET /inicio 200 in 52ms (next.js: 1247µs, application-code: 50ms)
 GET /inicio 200 in 51ms (next.js: 1053µs, application-code: 50ms)
 GET /inicio 200 in 52ms (next.js: 6ms, application-code: 46ms)
 GET /inicio 200 in 53ms (next.js: 709µs, application-code: 52ms)
 GET /inicio 200 in 53ms (next.js: 7ms, application-code: 47ms)
 GET /inicio 200 in 53ms (next.js: 1337µs, application-code: 52ms)
 GET /inicio 200 in 58ms (next.js: 1041µs, application-code: 57ms)
 GET /inicio 200 in 52ms (next.js: 1068µs, application-code: 51ms)
 GET /inicio 200 in 52ms (next.js: 6ms, application-code: 46ms)
 GET /inicio 200 in 57ms (next.js: 1327µs, application-code: 55ms)
 GET /inicio 200 in 57ms (next.js: 7ms, application-code: 50ms)
 GET /inicio 200 in 66ms (next.js: 986µs, application-code: 65ms)
 GET /inicio 200 in 66ms (next.js: 7ms, application-code: 59ms)
 GET /inicio 200 in 74ms (next.js: 6ms, application-code: 68ms)
 GET /inicio 200 in 81ms (next.js: 820µs, application-code: 80ms)
 GET /inicio 200 in 78ms (next.js: 1086µs, application-code: 77ms)
 GET /inicio 200 in 78ms (next.js: 10ms, application-code: 68ms)
 GET /inicio 200 in 78ms (next.js: 1618µs, application-code: 76ms)
 GET /inicio 200 in 85ms (next.js: 15ms, application-code: 69ms)
 GET /inicio 200 in 69ms (next.js: 3ms, application-code: 66ms)
 GET /inicio 200 in 65ms (next.js: 3ms, application-code: 62ms)
 GET /inicio 200 in 60ms (next.js: 1460µs, application-code: 59ms)
 GET /inicio 200 in 58ms (next.js: 3ms, application-code: 55ms)
 GET /inicio 200 in 64ms (next.js: 11ms, application-code: 53ms)
 GET /inicio 200 in 56ms (next.js: 1312µs, application-code: 55ms)
 GET /inicio 200 in 50ms (next.js: 1619µs, application-code: 48ms)
 GET /inicio 200 in 48ms (next.js: 918µs, application-code: 47ms)
 GET /inicio 200 in 53ms (next.js: 1197µs, application-code: 52ms)
 GET /inicio 200 in 54ms (next.js: 704µs, application-code: 53ms)
 GET /inicio 200 in 54ms (next.js: 763µs, application-code: 54ms)
 GET /inicio 200 in 60ms (next.js: 6ms, application-code: 54ms)
 GET /inicio 200 in 55ms (next.js: 826µs, application-code: 54ms)
 GET /inicio 200 in 60ms (next.js: 6ms, application-code: 54ms)
 GET /inicio 200 in 55ms (next.js: 803µs, application-code: 55ms)
 GET /inicio 200 in 56ms (next.js: 1049µs, application-code: 55ms)
 GET /inicio 200 in 61ms (next.js: 12ms, application-code: 49ms)
 GET /inicio 200 in 49ms (next.js: 822µs, application-code: 48ms)
 GET /inicio 200 in 56ms (next.js: 1134µs, application-code: 54ms)
 GET /inicio 200 in 50ms (next.js: 860µs, application-code: 49ms)
 GET /inicio 200 in 55ms (next.js: 987µs, application-code: 54ms)
 GET /inicio 200 in 57ms (next.js: 1259µs, application-code: 55ms)
 GET /inicio 200 in 63ms (next.js: 6ms, application-code: 56ms)
 GET /inicio 200 in 59ms (next.js: 961µs, application-code: 58ms)
 GET /inicio 200 in 65ms (next.js: 6ms, application-code: 59ms)
 GET /inicio 200 in 54ms (next.js: 1152µs, application-code: 53ms)
 GET /inicio 200 in 62ms (next.js: 6ms, application-code: 55ms)
 GET /inicio 200 in 64ms (next.js: 988µs, application-code: 63ms)
 GET /inicio 200 in 66ms (next.js: 1791µs, application-code: 65ms)
 GET /inicio 200 in 65ms (next.js: 1614µs, application-code: 64ms)
 GET /inicio 200 in 66ms (next.js: 1279µs, application-code: 65ms)
 GET /inicio 200 in 71ms (next.js: 1456µs, application-code: 69ms)
 GET /inicio 200 in 73ms (next.js: 1377µs, application-code: 72ms)
 GET /inicio 200 in 79ms (next.js: 1766µs, application-code: 77ms)
 GET /inicio 200 in 75ms (next.js: 1885µs, application-code: 74ms)
 GET /inicio 200 in 75ms (next.js: 8ms, application-code: 68ms)
 GET /inicio 200 in 69ms (next.js: 931µs, application-code: 68ms)
 GET /inicio 200 in 76ms (next.js: 7ms, application-code: 68ms)
 GET /inicio 200 in 67ms (next.js: 5ms, application-code: 63ms)
 GET /inicio 200 in 73ms (next.js: 11ms, application-code: 63ms)
 GET /inicio 200 in 61ms (next.js: 1452µs, application-code: 60ms)
 GET /inicio 200 in 61ms (next.js: 7ms, application-code: 54ms)
 GET /inicio 200 in 61ms (next.js: 3ms, application-code: 58ms)
 GET /inicio 200 in 58ms (next.js: 1511µs, application-code: 56ms)
 GET /inicio 200 in 63ms (next.js: 1577µs, application-code: 61ms)
 GET /inicio 200 in 68ms (next.js: 7ms, application-code: 61ms)
 GET /inicio 200 in 61ms (next.js: 1360µs, application-code: 60ms)
 GET /inicio 200 in 65ms (next.js: 1503µs, application-code: 64ms)
 GET /inicio 200 in 59ms (next.js: 1837µs, application-code: 57ms)
 GET /inicio 200 in 64ms (next.js: 7ms, application-code: 57ms)
 GET /inicio 200 in 57ms (next.js: 1251µs, application-code: 56ms)
 GET /inicio 200 in 57ms (next.js: 8ms, application-code: 49ms)
 GET /inicio 200 in 51ms (next.js: 1218µs, application-code: 50ms)
 GET /inicio 200 in 51ms (next.js: 7ms, application-code: 44ms)
 GET /inicio 200 in 52ms (next.js: 1034µs, application-code: 51ms)
 GET /inicio 200 in 52ms (next.js: 6ms, application-code: 46ms)
 GET /inicio 200 in 54ms (next.js: 877µs, application-code: 53ms)
 GET /inicio 200 in 49ms (next.js: 1054µs, application-code: 48ms)
 GET /inicio 200 in 54ms (next.js: 1589µs, application-code: 52ms)
 GET /inicio 200 in 48ms (next.js: 1349µs, application-code: 46ms)
 GET /inicio 200 in 52ms (next.js: 1137µs, application-code: 50ms)
 GET /inicio 200 in 46ms (next.js: 1366µs, application-code: 44ms)
 GET /inicio 200 in 54ms (next.js: 1143µs, application-code: 53ms)
 GET /inicio 200 in 54ms (next.js: 7ms, application-code: 47ms)
 GET /inicio 200 in 47ms (next.js: 989µs, application-code: 46ms)
 GET /inicio 200 in 52ms (next.js: 920µs, application-code: 51ms)
 GET /inicio 200 in 58ms (next.js: 863µs, application-code: 57ms)
 GET /inicio 200 in 54ms (next.js: 848µs, application-code: 53ms)
 GET /inicio 200 in 62ms (next.js: 836µs, application-code: 61ms)
 GET /inicio 200 in 53ms (next.js: 1219µs, application-code: 52ms)
 GET /inicio 200 in 59ms (next.js: 773µs, application-code: 58ms)
 GET /inicio 200 in 66ms (next.js: 4ms, application-code: 62ms)
 GET /inicio 200 in 55ms (next.js: 7ms, application-code: 49ms)
 GET /inicio 200 in 56ms (next.js: 1045µs, application-code: 55ms)
 GET /inicio 200 in 54ms (next.js: 1376µs, application-code: 52ms)
 GET /inicio 200 in 53ms (next.js: 7ms, application-code: 46ms)
 GET /inicio 200 in 51ms (next.js: 7ms, application-code: 43ms)
 GET /inicio 200 in 51ms (next.js: 1360µs, application-code: 50ms)
 GET /inicio 200 in 49ms (next.js: 1230µs, application-code: 47ms)
 GET /inicio 200 in 59ms (next.js: 7ms, application-code: 52ms)
 GET /inicio 200 in 59ms (next.js: 1227µs, application-code: 58ms)
 GET /inicio 200 in 65ms (next.js: 7ms, application-code: 58ms)
 GET /inicio 200 in 53ms (next.js: 1077µs, application-code: 52ms)
 GET /inicio 200 in 53ms (next.js: 6ms, application-code: 47ms)
 GET /inicio 200 in 54ms (next.js: 1085µs, application-code: 53ms)
 GET /inicio 200 in 54ms (next.js: 6ms, application-code: 48ms)
 GET /inicio 200 in 55ms (next.js: 1155µs, application-code: 54ms)
 GET /inicio 200 in 55ms (next.js: 11ms, application-code: 44ms)
 GET /inicio 200 in 50ms (next.js: 867µs, application-code: 49ms)
 GET /inicio 200 in 50ms (next.js: 6ms, application-code: 44ms)
 GET /inicio 200 in 56ms (next.js: 1181µs, application-code: 55ms)
 GET /inicio 200 in 61ms (next.js: 7ms, application-code: 55ms)
 GET /inicio 200 in 50ms (next.js: 944µs, application-code: 49ms)
 GET /inicio 200 in 55ms (next.js: 6ms, application-code: 49ms)
 GET /inicio 200 in 50ms (next.js: 1643µs, application-code: 48ms)
 GET /inicio 200 in 56ms (next.js: 7ms, application-code: 49ms)
 GET /inicio 200 in 51ms (next.js: 977µs, application-code: 50ms)
 GET /inicio 200 in 61ms (next.js: 6ms, application-code: 55ms)
 GET /inicio 200 in 57ms (next.js: 836µs, application-code: 56ms)
 GET /inicio 200 in 63ms (next.js: 6ms, application-code: 57ms)
 GET /inicio 200 in 65ms (next.js: 1016µs, application-code: 64ms)
 GET /inicio 200 in 72ms (next.js: 6ms, application-code: 65ms)
 GET /inicio 200 in 60ms (next.js: 1537µs, application-code: 58ms)
 GET /inicio 200 in 65ms (next.js: 7ms, application-code: 58ms)
 GET /inicio 200 in 59ms (next.js: 1342µs, application-code: 57ms)
 GET /inicio 200 in 65ms (next.js: 12ms, application-code: 53ms)
 GET /inicio 200 in 54ms (next.js: 1068µs, application-code: 53ms)
 GET /inicio 200 in 61ms (next.js: 7ms, application-code: 55ms)
 GET /inicio 200 in 50ms (next.js: 1129µs, application-code: 49ms)
 GET /inicio 200 in 64ms (next.js: 8ms, application-code: 56ms)
 GET /inicio 200 in 64ms (next.js: 1030µs, application-code: 63ms)
 GET /inicio 200 in 59ms (next.js: 887µs, application-code: 58ms)
 GET /inicio 200 in 66ms (next.js: 7ms, application-code: 58ms)
 GET /inicio 200 in 60ms (next.js: 1282µs, application-code: 59ms)
 GET /inicio 200 in 66ms (next.js: 8ms, application-code: 58ms)
 GET /inicio 200 in 71ms (next.js: 9ms, application-code: 62ms)
 GET /inicio 200 in 71ms (next.js: 1609µs, application-code: 70ms)
 GET /inicio 200 in 63ms (next.js: 1108µs, application-code: 62ms)
 GET /inicio 200 in 64ms (next.js: 7ms, application-code: 57ms)
 GET /inicio 200 in 64ms (next.js: 1356µs, application-code: 62ms)
 GET /inicio 200 in 76ms (next.js: 8ms, application-code: 68ms)
 GET /inicio 200 in 64ms (next.js: 1492µs, application-code: 62ms)
 GET /inicio 200 in 70ms (next.js: 7ms, application-code: 62ms)
 GET /inicio 200 in 60ms (next.js: 1222µs, application-code: 59ms)
 GET /inicio 200 in 66ms (next.js: 9ms, application-code: 57ms)
 GET /inicio 200 in 64ms (next.js: 1692µs, application-code: 62ms)
 GET /inicio 200 in 64ms (next.js: 7ms, application-code: 57ms)
 GET /inicio 200 in 56ms (next.js: 7ms, application-code: 49ms)
 GET /inicio 200 in 57ms (next.js: 1396µs, application-code: 55ms)
 GET /inicio 200 in 52ms (next.js: 1410µs, application-code: 51ms)
 GET /inicio 200 in 52ms (next.js: 8ms, application-code: 45ms)
 GET /inicio 200 in 48ms (next.js: 1724µs, application-code: 47ms)
 GET /inicio 200 in 48ms (next.js: 7ms, application-code: 41ms)
 GET /inicio 200 in 45ms (next.js: 1045µs, application-code: 44ms)
 GET /inicio 200 in 45ms (next.js: 7ms, application-code: 38ms)
 GET /inicio 200 in 51ms (next.js: 1648µs, application-code: 49ms)
 GET /inicio 200 in 51ms (next.js: 6ms, application-code: 45ms)
 GET /inicio 200 in 57ms (next.js: 6ms, application-code: 51ms)
 GET /inicio 200 in 58ms (next.js: 1211µs, application-code: 56ms)
 GET /inicio 200 in 57ms (next.js: 1164µs, application-code: 55ms)
 GET /inicio 200 in 57ms (next.js: 6ms, application-code: 51ms)
 GET /inicio 200 in 70ms (next.js: 1349µs, application-code: 68ms)
 GET /inicio 200 in 69ms (next.js: 7ms, application-code: 63ms)
 GET /inicio 200 in 53ms (next.js: 4ms, application-code: 49ms)
 GET /inicio 200 in 53ms (next.js: 10ms, application-code: 43ms)
 GET /inicio 200 in 50ms (next.js: 6ms, application-code: 44ms)
 GET /inicio 200 in 50ms (next.js: 1402µs, application-code: 49ms)
 GET /inicio 200 in 55ms (next.js: 6ms, application-code: 50ms)
 GET /inicio 200 in 56ms (next.js: 1223µs, application-code: 55ms)
 GET /inicio 200 in 60ms (next.js: 7ms, application-code: 53ms)
 GET /inicio 200 in 61ms (next.js: 929µs, application-code: 60ms)
 GET /inicio 200 in 63ms (next.js: 1261µs, application-code: 62ms)
 GET /inicio 200 in 63ms (next.js: 7ms, application-code: 56ms)
 GET /inicio 200 in 64ms (next.js: 1495µs, application-code: 62ms)
 GET /inicio 200 in 68ms (next.js: 1724µs, application-code: 66ms)
 GET /inicio 200 in 67ms (next.js: 1529µs, application-code: 66ms)
 GET /inicio 200 in 67ms (next.js: 1222µs, application-code: 66ms)
 GET /inicio 200 in 67ms (next.js: 2ms, application-code: 64ms)
 GET /inicio 200 in 73ms (next.js: 8ms, application-code: 64ms)
 GET /inicio 200 in 65ms (next.js: 1302µs, application-code: 64ms)
 GET /inicio 200 in 71ms (next.js: 7ms, application-code: 64ms)
 GET /inicio 200 in 64ms (next.js: 5ms, application-code: 58ms)
 GET /inicio 200 in 65ms (next.js: 8ms, application-code: 57ms)
 GET /inicio 200 in 62ms (next.js: 1238µs, application-code: 60ms)
 GET /inicio 200 in 67ms (next.js: 1864µs, application-code: 65ms)
 GET /inicio 200 in 66ms (next.js: 1905µs, application-code: 64ms)
 GET /inicio 200 in 65ms (next.js: 8ms, application-code: 57ms)
 GET /inicio 200 in 57ms (next.js: 1260µs, application-code: 56ms)
 GET /inicio 200 in 57ms (next.js: 7ms, application-code: 50ms)
 GET /inicio 200 in 57ms (next.js: 1212µs, application-code: 56ms)
 GET /inicio 200 in 57ms (next.js: 7ms, application-code: 51ms)
 GET /inicio 200 in 60ms (next.js: 5ms, application-code: 56ms)
 GET /inicio 200 in 57ms (next.js: 7ms, application-code: 50ms)
 GET /inicio 200 in 57ms (next.js: 981µs, application-code: 56ms)
 GET /inicio 200 in 62ms (next.js: 1188µs, application-code: 61ms)
 GET /inicio 200 in 56ms (next.js: 7ms, application-code: 49ms)
 GET /inicio 200 in 57ms (next.js: 1779µs, application-code: 55ms)
 GET /inicio 200 in 56ms (next.js: 7ms, application-code: 49ms)
 GET /inicio 200 in 56ms (next.js: 1350µs, application-code: 55ms)
 GET /inicio 200 in 52ms (next.js: 1114µs, application-code: 51ms)
 GET /inicio 200 in 59ms (next.js: 7ms, application-code: 52ms)
 GET /inicio 200 in 53ms (next.js: 976µs, application-code: 52ms)
 GET /inicio 200 in 53ms (next.js: 6ms, application-code: 47ms)
 GET /inicio 200 in 60ms (next.js: 1051µs, application-code: 59ms)
 GET /inicio 200 in 67ms (next.js: 7ms, application-code: 60ms)
 GET /inicio 200 in 55ms (next.js: 1522µs, application-code: 54ms)
 GET /inicio 200 in 62ms (next.js: 6ms, application-code: 56ms)
 GET /inicio 200 in 58ms (next.js: 1343µs, application-code: 57ms)
 GET /inicio 200 in 64ms (next.js: 7ms, application-code: 57ms)
 GET /inicio 200 in 63ms (next.js: 1675µs, application-code: 61ms)
 GET /inicio 200 in 69ms (next.js: 6ms, application-code: 63ms)
 GET /inicio 200 in 65ms (next.js: 1159µs, application-code: 64ms)
 GET /inicio 200 in 71ms (next.js: 8ms, application-code: 63ms)
 GET /inicio 200 in 64ms (next.js: 1493µs, application-code: 63ms)
 GET /inicio 200 in 70ms (next.js: 9ms, application-code: 62ms)
 GET /inicio 200 in 63ms (next.js: 1457µs, application-code: 61ms)
 GET /inicio 200 in 68ms (next.js: 8ms, application-code: 61ms)
 GET /inicio 200 in 52ms (next.js: 1648µs, application-code: 51ms)
 GET /inicio 200 in 58ms (next.js: 8ms, application-code: 50ms)
 GET /inicio 200 in 46ms (next.js: 1263µs, application-code: 44ms)
 GET /inicio 200 in 40ms (next.js: 1099µs, application-code: 39ms)
 GET /inicio 200 in 34ms (next.js: 1563µs, application-code: 32ms)
 GET /inicio 200 in 33ms (next.js: 7ms, application-code: 26ms)
 GET /inicio 200 in 21ms (next.js: 1295µs, application-code: 19ms)
 GET /inicio 200 in 15ms (next.js: 1358µs, application-code: 13ms)
 GET /manifest.webmanifest 200 in 33ms (next.js: 30ms, application-code: 3ms)
✓ Compiled in 67ms
✓ Compiled in 42ms
✓ Compiled in 71ms
 GET /inicio 200 in 208ms (next.js: 7ms, application-code: 200ms)
✓ Compiled in 214ms
✓ Compiled in 1144ms
 GET /inicio 200 in 88ms (next.js: 47ms, application-code: 41ms)
 GET /inicio 200 in 89ms (next.js: 59ms, application-code: 31ms)
 GET /inicio 200 in 39ms (next.js: 883µs, application-code: 39ms)
 GET /inicio 200 in 41ms (next.js: 7ms, application-code: 34ms)
 GET /inicio 200 in 41ms (next.js: 750µs, application-code: 40ms)
 GET /inicio 200 in 47ms (next.js: 839µs, application-code: 46ms)
 GET /inicio 200 in 51ms (next.js: 963µs, application-code: 50ms)
 GET /inicio 200 in 52ms (next.js: 6ms, application-code: 45ms)
 GET /inicio 200 in 41ms (next.js: 6ms, application-code: 35ms)
 GET /inicio 200 in 42ms (next.js: 933µs, application-code: 41ms)
 GET /inicio 200 in 45ms (next.js: 772µs, application-code: 44ms)
 GET /inicio 200 in 45ms (next.js: 6ms, application-code: 39ms)
 GET /inicio 200 in 45ms (next.js: 924µs, application-code: 44ms)
 GET /inicio 200 in 45ms (next.js: 6ms, application-code: 39ms)
 GET /inicio 200 in 45ms (next.js: 799µs, application-code: 44ms)
 GET /inicio 200 in 56ms (next.js: 6ms, application-code: 50ms)
 GET /inicio 200 in 45ms (next.js: 798µs, application-code: 44ms)
 GET /inicio 200 in 48ms (next.js: 1151µs, application-code: 47ms)
 GET /inicio 200 in 55ms (next.js: 846µs, application-code: 54ms)
 GET /inicio 200 in 50ms (next.js: 1321µs, application-code: 48ms)
 GET /inicio 200 in 49ms (next.js: 6ms, application-code: 43ms)
 GET /inicio 200 in 51ms (next.js: 900µs, application-code: 50ms)
 GET /inicio 200 in 51ms (next.js: 6ms, application-code: 45ms)
 GET /inicio 200 in 53ms (next.js: 6ms, application-code: 47ms)
 GET /inicio 200 in 54ms (next.js: 893µs, application-code: 53ms)
 GET /inicio 200 in 61ms (next.js: 1176µs, application-code: 60ms)
 GET /inicio 200 in 61ms (next.js: 7ms, application-code: 54ms)
 GET /inicio 200 in 60ms (next.js: 1106µs, application-code: 59ms)
 GET /inicio 200 in 71ms (next.js: 7ms, application-code: 64ms)
 GET /inicio 200 in 65ms (next.js: 1183µs, application-code: 63ms)
 GET /inicio 200 in 69ms (next.js: 7ms, application-code: 63ms)
 GET /inicio 200 in 62ms (next.js: 1170µs, application-code: 61ms)
 GET /inicio 200 in 72ms (next.js: 14ms, application-code: 58ms)
 GET /inicio 200 in 53ms (next.js: 1199µs, application-code: 52ms)
 GET /inicio 200 in 53ms (next.js: 7ms, application-code: 47ms)
 GET /inicio 200 in 52ms (next.js: 1110µs, application-code: 51ms)
 GET /inicio 200 in 52ms (next.js: 12ms, application-code: 41ms)
 GET /inicio 200 in 47ms (next.js: 960µs, application-code: 46ms)
 GET /inicio 200 in 47ms (next.js: 6ms, application-code: 41ms)
 GET /inicio 200 in 48ms (next.js: 6ms, application-code: 42ms)
 GET /inicio 200 in 48ms (next.js: 932µs, application-code: 47ms)
 GET /inicio 200 in 62ms (next.js: 1023µs, application-code: 61ms)
 GET /inicio 200 in 62ms (next.js: 6ms, application-code: 56ms)
 GET /inicio 200 in 51ms (next.js: 1109µs, application-code: 50ms)
 GET /inicio 200 in 51ms (next.js: 6ms, application-code: 45ms)
 GET /inicio 200 in 63ms (next.js: 6ms, application-code: 57ms)
 GET /inicio 200 in 64ms (next.js: 951µs, application-code: 63ms)
 GET /inicio 200 in 60ms (next.js: 1174µs, application-code: 59ms)
 GET /inicio 200 in 60ms (next.js: 7ms, application-code: 53ms)
 GET /inicio 200 in 62ms (next.js: 6ms, application-code: 56ms)
 GET /inicio 200 in 63ms (next.js: 994µs, application-code: 62ms)
 GET /inicio 200 in 62ms (next.js: 1203µs, application-code: 61ms)
 GET /inicio 200 in 53ms (next.js: 1346µs, application-code: 51ms)
 GET /inicio 200 in 48ms (next.js: 1628µs, application-code: 47ms)
 GET /inicio 200 in 53ms (next.js: 1309µs, application-code: 52ms)
 GET /inicio 200 in 47ms (next.js: 848µs, application-code: 47ms)
 GET /inicio 200 in 47ms (next.js: 6ms, application-code: 42ms)
 GET /inicio 200 in 49ms (next.js: 6ms, application-code: 43ms)
 GET /inicio 200 in 50ms (next.js: 862µs, application-code: 49ms)
 GET /inicio 200 in 50ms (next.js: 948µs, application-code: 50ms)
 GET /inicio 200 in 56ms (next.js: 6ms, application-code: 50ms)
 GET /inicio 200 in 51ms (next.js: 886µs, application-code: 50ms)
 GET /inicio 200 in 51ms (next.js: 7ms, application-code: 45ms)
 GET /inicio 200 in 57ms (next.js: 1094µs, application-code: 56ms)
 GET /inicio 200 in 69ms (next.js: 7ms, application-code: 62ms)
 GET /inicio 200 in 56ms (next.js: 1249µs, application-code: 55ms)
 GET /inicio 200 in 61ms (next.js: 7ms, application-code: 55ms)
 GET /inicio 200 in 56ms (next.js: 1026µs, application-code: 55ms)
 GET /inicio 200 in 56ms (next.js: 6ms, application-code: 50ms)
 GET /inicio 200 in 56ms (next.js: 1400µs, application-code: 54ms)
 GET /inicio 200 in 56ms (next.js: 7ms, application-code: 49ms)
 GET /inicio 200 in 49ms (next.js: 1339µs, application-code: 48ms)
 GET /inicio 200 in 49ms (next.js: 7ms, application-code: 42ms)
 GET /inicio 200 in 48ms (next.js: 949µs, application-code: 47ms)
 GET /inicio 200 in 61ms (next.js: 6ms, application-code: 55ms)
 GET /inicio 200 in 58ms (next.js: 6ms, application-code: 52ms)
 GET /inicio 200 in 59ms (next.js: 1063µs, application-code: 58ms)
 GET /inicio 200 in 55ms (next.js: 1128µs, application-code: 54ms)
 GET /inicio 200 in 55ms (next.js: 6ms, application-code: 49ms)
 GET /inicio 200 in 60ms (next.js: 1077µs, application-code: 59ms)
 GET /inicio 200 in 61ms (next.js: 6ms, application-code: 54ms)
 GET /inicio 200 in 74ms (next.js: 968µs, application-code: 73ms)
 GET /inicio 200 in 75ms (next.js: 7ms, application-code: 68ms)
 GET /inicio 200 in 81ms (next.js: 1457µs, application-code: 79ms)
 GET /inicio 200 in 92ms (next.js: 8ms, application-code: 83ms)
 GET /inicio 200 in 88ms (next.js: 9ms, application-code: 79ms)
 GET /inicio 200 in 89ms (next.js: 1765µs, application-code: 88ms)
 GET /inicio 200 in 95ms (next.js: 1706µs, application-code: 93ms)
 GET /inicio 200 in 95ms (next.js: 8ms, application-code: 87ms)
 GET /inicio 200 in 91ms (next.js: 3ms, application-code: 88ms)
 GET /inicio 200 in 170ms (next.js: 12ms, application-code: 159ms)
 GET /inicio 200 in 153ms (next.js: 3ms, application-code: 150ms)
 GET /inicio 200 in 167ms (next.js: 12ms, application-code: 155ms)
 GET /inicio 200 in 153ms (next.js: 3ms, application-code: 150ms)
 GET /inicio 200 in 160ms (next.js: 10ms, application-code: 149ms)
 GET /inicio 200 in 137ms (next.js: 2ms, application-code: 135ms)
 GET /inicio 200 in 147ms (next.js: 11ms, application-code: 136ms)
 GET /inicio 200 in 128ms (next.js: 3ms, application-code: 124ms)
 GET /inicio 200 in 128ms (next.js: 13ms, application-code: 114ms)
 GET /inicio 200 in 55ms (next.js: 3ms, application-code: 52ms)
 GET /inicio 200 in 60ms (next.js: 16ms, application-code: 44ms)
 GET /inicio 200 in 43ms (next.js: 1037µs, application-code: 42ms)
 GET /inicio 200 in 47ms (next.js: 989µs, application-code: 46ms)
 GET /inicio 200 in 47ms (next.js: 6ms, application-code: 41ms)
 GET /inicio 200 in 46ms (next.js: 960µs, application-code: 45ms)
 GET /inicio 200 in 46ms (next.js: 6ms, application-code: 40ms)
 GET /inicio 200 in 46ms (next.js: 653µs, application-code: 46ms)
 GET /inicio 200 in 52ms (next.js: 1064µs, application-code: 51ms)
 GET /inicio 200 in 46ms (next.js: 855µs, application-code: 45ms)
 GET /inicio 200 in 46ms (next.js: 6ms, application-code: 40ms)
 GET /inicio 200 in 46ms (next.js: 6ms, application-code: 40ms)
 GET /inicio 200 in 46ms (next.js: 745µs, application-code: 45ms)
 GET /inicio 200 in 50ms (next.js: 874µs, application-code: 49ms)
 GET /inicio 200 in 50ms (next.js: 6ms, application-code: 44ms)
 GET /inicio 200 in 50ms (next.js: 6ms, application-code: 44ms)
 GET /inicio 200 in 50ms (next.js: 777µs, application-code: 49ms)
 GET /inicio 200 in 56ms (next.js: 980µs, application-code: 55ms)
 GET /inicio 200 in 56ms (next.js: 6ms, application-code: 50ms)
 GET /inicio 200 in 50ms (next.js: 6ms, application-code: 44ms)
 GET /inicio 200 in 51ms (next.js: 954µs, application-code: 50ms)
 GET /inicio 200 in 46ms (next.js: 1284µs, application-code: 45ms)
 GET /inicio 200 in 46ms (next.js: 7ms, application-code: 39ms)
 GET /inicio 200 in 43ms (next.js: 1069µs, application-code: 42ms)
 GET /inicio 200 in 43ms (next.js: 6ms, application-code: 37ms)
 GET /inicio 200 in 40ms (next.js: 820µs, application-code: 39ms)
 GET /inicio 200 in 48ms (next.js: 6ms, application-code: 42ms)
 GET /inicio 200 in 38ms (next.js: 916µs, application-code: 37ms)
 GET /inicio 200 in 38ms (next.js: 6ms, application-code: 32ms)
 GET /inicio 200 in 37ms (next.js: 5ms, application-code: 32ms)
 GET /inicio 200 in 37ms (next.js: 1019µs, application-code: 36ms)
 GET /inicio 200 in 48ms (next.js: 1017µs, application-code: 47ms)
 GET /inicio 200 in 48ms (next.js: 5ms, application-code: 43ms)
 GET /inicio 200 in 51ms (next.js: 903µs, application-code: 50ms)
 GET /inicio 200 in 52ms (next.js: 5ms, application-code: 47ms)
 GET /inicio 200 in 54ms (next.js: 923µs, application-code: 53ms)
 GET /inicio 200 in 66ms (next.js: 5ms, application-code: 61ms)
 GET /inicio 200 in 56ms (next.js: 715µs, application-code: 56ms)
 GET /inicio 200 in 56ms (next.js: 6ms, application-code: 50ms)
 GET /inicio 200 in 49ms (next.js: 6ms, application-code: 42ms)
 GET /inicio 200 in 49ms (next.js: 968µs, application-code: 48ms)
 GET /inicio 200 in 48ms (next.js: 6ms, application-code: 43ms)
 GET /inicio 200 in 49ms (next.js: 906µs, application-code: 48ms)
 GET /inicio 200 in 54ms (next.js: 7ms, application-code: 47ms)
 GET /inicio 200 in 55ms (next.js: 1155µs, application-code: 54ms)
 GET /inicio 200 in 48ms (next.js: 1090µs, application-code: 47ms)
 GET /inicio 200 in 53ms (next.js: 7ms, application-code: 47ms)
 GET /inicio 200 in 48ms (next.js: 1205µs, application-code: 46ms)
 GET /inicio 200 in 54ms (next.js: 6ms, application-code: 48ms)
 GET /inicio 200 in 55ms (next.js: 1062µs, application-code: 54ms)
 GET /inicio 200 in 55ms (next.js: 6ms, application-code: 49ms)
 GET /inicio 200 in 59ms (next.js: 823µs, application-code: 58ms)
 GET /inicio 200 in 59ms (next.js: 7ms, application-code: 53ms)
 GET /inicio 200 in 63ms (next.js: 904µs, application-code: 62ms)
 GET /inicio 200 in 70ms (next.js: 6ms, application-code: 64ms)
 GET /inicio 200 in 66ms (next.js: 1768µs, application-code: 64ms)
 GET /inicio 200 in 72ms (next.js: 1660µs, application-code: 70ms)
 GET /inicio 200 in 68ms (next.js: 1387µs, application-code: 66ms)
 GET /inicio 200 in 68ms (next.js: 8ms, application-code: 60ms)
 GET /inicio 200 in 61ms (next.js: 2ms, application-code: 58ms)
 GET /inicio 200 in 67ms (next.js: 9ms, application-code: 58ms)
 GET /inicio 200 in 59ms (next.js: 1384µs, application-code: 58ms)
 GET /inicio 200 in 65ms (next.js: 8ms, application-code: 58ms)
 GET /inicio 200 in 59ms (next.js: 1512µs, application-code: 58ms)
 GET /inicio 200 in 65ms (next.js: 7ms, application-code: 58ms)
 GET /inicio 200 in 59ms (next.js: 1303µs, application-code: 58ms)
 GET /inicio 200 in 64ms (next.js: 1487µs, application-code: 62ms)
 GET /inicio 200 in 65ms (next.js: 1653µs, application-code: 63ms)
 GET /inicio 200 in 70ms (next.js: 8ms, application-code: 62ms)
 GET /inicio 200 in 63ms (next.js: 1471µs, application-code: 62ms)
 GET /inicio 200 in 69ms (next.js: 7ms, application-code: 62ms)
 GET /inicio 200 in 62ms (next.js: 1529µs, application-code: 61ms)
 GET /inicio 200 in 67ms (next.js: 7ms, application-code: 60ms)
 GET /inicio 200 in 60ms (next.js: 1571µs, application-code: 59ms)
 GET /inicio 200 in 61ms (next.js: 2ms, application-code: 59ms)
 GET /inicio 200 in 59ms (next.js: 1808µs, application-code: 57ms)
 GET /inicio 200 in 58ms (next.js: 7ms, application-code: 51ms)
 GET /inicio 200 in 57ms (next.js: 1434µs, application-code: 56ms)
 GET /inicio 200 in 58ms (next.js: 7ms, application-code: 51ms)
 GET /inicio 200 in 60ms (next.js: 1060µs, application-code: 59ms)
 GET /inicio 200 in 60ms (next.js: 7ms, application-code: 53ms)
 GET /inicio 200 in 61ms (next.js: 1090µs, application-code: 60ms)
 GET /inicio 200 in 62ms (next.js: 7ms, application-code: 55ms)
 GET /inicio 200 in 65ms (next.js: 933µs, application-code: 64ms)
 GET /inicio 200 in 78ms (next.js: 959µs, application-code: 77ms)
 GET /inicio 200 in 72ms (next.js: 1778µs, application-code: 70ms)
 GET /inicio 200 in 72ms (next.js: 8ms, application-code: 64ms)
 GET /inicio 200 in 64ms (next.js: 1344µs, application-code: 63ms)
 GET /inicio 200 in 70ms (next.js: 7ms, application-code: 63ms)
 GET /inicio 200 in 66ms (next.js: 1643µs, application-code: 64ms)
 GET /inicio 200 in 72ms (next.js: 7ms, application-code: 65ms)
 GET /inicio 200 in 65ms (next.js: 1319µs, application-code: 64ms)
 GET /inicio 200 in 72ms (next.js: 12ms, application-code: 59ms)
 GET /inicio 200 in 60ms (next.js: 929µs, application-code: 59ms)
 GET /inicio 200 in 62ms (next.js: 1010µs, application-code: 61ms)
 GET /inicio 200 in 63ms (next.js: 1372µs, application-code: 62ms)
 GET /inicio 200 in 69ms (next.js: 8ms, application-code: 62ms)
 GET /inicio 200 in 61ms (next.js: 1830µs, application-code: 59ms)
 GET /inicio 200 in 61ms (next.js: 7ms, application-code: 53ms)
 GET /inicio 200 in 61ms (next.js: 1555µs, application-code: 60ms)
 GET /inicio 200 in 55ms (next.js: 1412µs, application-code: 54ms)
 GET /inicio 200 in 62ms (next.js: 1239µs, application-code: 61ms)
 GET /inicio 200 in 62ms (next.js: 9ms, application-code: 53ms)
 GET /inicio 200 in 67ms (next.js: 1163µs, application-code: 66ms)
 GET /inicio 200 in 68ms (next.js: 1521µs, application-code: 66ms)
 GET /inicio 200 in 67ms (next.js: 1500µs, application-code: 65ms)
 GET /inicio 200 in 72ms (next.js: 1700µs, application-code: 71ms)
 GET /inicio 200 in 64ms (next.js: 1544µs, application-code: 62ms)
 GET /inicio 200 in 64ms (next.js: 1408µs, application-code: 62ms)
 GET /inicio 200 in 68ms (next.js: 6ms, application-code: 62ms)
 GET /inicio 200 in 63ms (next.js: 8ms, application-code: 55ms)
 GET /inicio 200 in 48ms (next.js: 1214µs, application-code: 47ms)
 GET /inicio 200 in 59ms (next.js: 8ms, application-code: 51ms)
 GET /inicio 200 in 47ms (next.js: 1182µs, application-code: 45ms)
 GET /inicio 200 in 58ms (next.js: 7ms, application-code: 50ms)
 GET /inicio 200 in 45ms (next.js: 1114µs, application-code: 44ms)
 GET /inicio 200 in 51ms (next.js: 923µs, application-code: 50ms)
 GET /inicio 200 in 51ms (next.js: 6ms, application-code: 45ms)
 GET /inicio 200 in 67ms (next.js: 6ms, application-code: 61ms)
 GET /inicio 200 in 68ms (next.js: 1038µs, application-code: 67ms)
 GET /inicio 200 in 56ms (next.js: 6ms, application-code: 50ms)
 GET /inicio 200 in 57ms (next.js: 973µs, application-code: 56ms)
 GET /inicio 200 in 56ms (next.js: 7ms, application-code: 49ms)
 GET /inicio 200 in 57ms (next.js: 1135µs, application-code: 55ms)
 GET /inicio 200 in 55ms (next.js: 2ms, application-code: 53ms)
 GET /inicio 200 in 55ms (next.js: 8ms, application-code: 47ms)
 GET /inicio 200 in 53ms (next.js: 808µs, application-code: 52ms)
 GET /inicio 200 in 53ms (next.js: 6ms, application-code: 47ms)
 GET /inicio 200 in 48ms (next.js: 1202µs, application-code: 47ms)
 GET /inicio 200 in 59ms (next.js: 7ms, application-code: 51ms)
 GET /inicio 200 in 53ms (next.js: 1166µs, application-code: 51ms)
 GET /inicio 200 in 52ms (next.js: 6ms, application-code: 46ms)
 GET /inicio 200 in 48ms (next.js: 6ms, application-code: 42ms)
 GET /inicio 200 in 48ms (next.js: 757µs, application-code: 48ms)
 GET /inicio 200 in 53ms (next.js: 865µs, application-code: 52ms)
 GET /inicio 200 in 53ms (next.js: 6ms, application-code: 47ms)
 GET /inicio 200 in 55ms (next.js: 6ms, application-code: 49ms)
 GET /inicio 200 in 56ms (next.js: 1023µs, application-code: 55ms)
 GET /inicio 200 in 63ms (next.js: 843µs, application-code: 62ms)
 GET /inicio 200 in 76ms (next.js: 6ms, application-code: 70ms)
 GET /inicio 200 in 72ms (next.js: 1616µs, application-code: 70ms)
 GET /inicio 200 in 72ms (next.js: 8ms, application-code: 64ms)
 GET /inicio 200 in 64ms (next.js: 7ms, application-code: 56ms)
 GET /inicio 200 in 64ms (next.js: 1655µs, application-code: 63ms)
 GET /inicio 200 in 64ms (next.js: 8ms, application-code: 56ms)
 GET /inicio 200 in 64ms (next.js: 1807µs, application-code: 63ms)
 GET /inicio 200 in 59ms (next.js: 8ms, application-code: 52ms)
 GET /inicio 200 in 60ms (next.js: 1640µs, application-code: 58ms)
 GET /inicio 200 in 63ms (next.js: 1254µs, application-code: 62ms)
 GET /inicio 200 in 71ms (next.js: 8ms, application-code: 64ms)
 GET /inicio 200 in 66ms (next.js: 1805µs, application-code: 64ms)
 GET /inicio 200 in 72ms (next.js: 8ms, application-code: 65ms)
 GET /inicio 200 in 66ms (next.js: 1580µs, application-code: 64ms)
 GET /inicio 200 in 66ms (next.js: 7ms, application-code: 59ms)
 GET /inicio 200 in 64ms (next.js: 3ms, application-code: 62ms)
 GET /inicio 200 in 63ms (next.js: 9ms, application-code: 54ms)
 GET /inicio 200 in 65ms (next.js: 3ms, application-code: 63ms)
 GET /inicio 200 in 57ms (next.js: 1955µs, application-code: 55ms)
 GET /inicio 200 in 59ms (next.js: 1310µs, application-code: 57ms)
 GET /inicio 200 in 52ms (next.js: 1899µs, application-code: 50ms)
 GET /inicio 200 in 53ms (next.js: 1070µs, application-code: 52ms)
 GET /inicio 200 in 53ms (next.js: 7ms, application-code: 46ms)
 GET /inicio 200 in 45ms (next.js: 1038µs, application-code: 44ms)
 GET /inicio 200 in 44ms (next.js: 1748µs, application-code: 42ms)
 GET /inicio 200 in 38ms (next.js: 1203µs, application-code: 37ms)
 GET /inicio 200 in 33ms (next.js: 940µs, application-code: 32ms)
 GET /inicio 200 in 37ms (next.js: 889µs, application-code: 37ms)
 GET /inicio 200 in 33ms (next.js: 918µs, application-code: 32ms)
 GET /inicio 200 in 38ms (next.js: 723µs, application-code: 38ms)
 GET /inicio 200 in 48ms (next.js: 867µs, application-code: 48ms)
 GET /inicio 200 in 44ms (next.js: 5ms, application-code: 40ms)
 GET /inicio 200 in 45ms (next.js: 741µs, application-code: 44ms)
 GET /inicio 200 in 43ms (next.js: 5ms, application-code: 38ms)
 GET /inicio 200 in 44ms (next.js: 848µs, application-code: 43ms)
 GET /inicio 200 in 35ms (next.js: 5ms, application-code: 30ms)
 GET /inicio 200 in 36ms (next.js: 1127µs, application-code: 35ms)
 GET /inicio 200 in 26ms (next.js: 853µs, application-code: 25ms)
 GET /inicio 200 in 26ms (next.js: 9ms, application-code: 17ms)
 GET /inicio 200 in 12ms (next.js: 1087µs, application-code: 11ms)
 GET /manifest.webmanifest 200 in 40ms (next.js: 37ms, application-code: 3ms)
 GET /inicio 200 in 141ms (next.js: 2ms, application-code: 138ms)
 GET /meu-painel 200 in 197ms (next.js: 8ms, application-code: 189ms)
 GET /central-comunicacao 200 in 44ms (next.js: 22ms, application-code: 23ms)
 GET /manifest.webmanifest 200 in 4ms (next.js: 1571µs, application-code: 3ms)
 GET /manifest.webmanifest 200 in 9ms (next.js: 3ms, application-code: 6ms)
✓ Compiled in 48ms
✓ Compiled in 38ms
✓ Compiled in 39ms
 GET /inicio 200 in 29ms (next.js: 5ms, application-code: 24ms)
[browser] [GlobalError] ReferenceError: Info is not defined
    at NotificationCenter (file:///Users/ricardooliveira/PROJETOS/Minutor-Replica/Frontend-v2/.next/dev/static/chunks/src_components_notifications_0xonf23._.js?id=%255Bproject%255D%252Fsrc%252Fcomponents%252Fnotifications%252Fnotification-center.tsx+%255Bapp-client%255D+%2528ecmascript%2529:183:226) (src/app/error.tsx:13:13)
[browser] [GlobalError] ReferenceError: Info is not defined
    at NotificationCenter (file:///Users/ricardooliveira/PROJETOS/Minutor-Replica/Frontend-v2/.next/dev/static/chunks/src_components_notifications_0xonf23._.js?id=%255Bproject%255D%252Fsrc%252Fcomponents%252Fnotifications%252Fnotification-center.tsx+%255Bapp-client%255D+%2528ecmascript%2529:183:226) (src/app/error.tsx:13:13)
✓ Compiled in 121ms
 GET /inicio 200 in 69ms (next.js: 10ms, application-code: 58ms)
✓ Compiled in 81ms
✓ Compiled in 55ms
✓ Compiled in 39ms
✓ Compiled in 37ms
✓ Compiled in 39ms
✓ Compiled in 36ms
✓ Compiled in 40ms
 GET /inicio 200 in 31ms (next.js: 6ms, application-code: 25ms)
✓ Compiled in 72ms
✓ Compiled in 38ms
[browser] The final argument passed to useEffect changed size between renders. The order and size of this array must remain constant.

Previous: [dark]
Incoming: [dark, true] 
    at PublicacoesView (src/components/notifications/publicacoes-view.tsx:32:12)
    at Set.forEach (<anonymous>)
  30 |   const isAdmin = user?.type === 'admin'
  31 |
> 32 |   useEffect(() => {
     |            ^
  33 |     if (!resolvedTheme) return
  34 |     const theme = resolvedTheme === 'dark' ? 'dark' : 'light'
  35 |     // Admin vê TODAS as publicações criadas; demais perfis veem só as recebidas. (src/components/notifications/publicacoes-view.tsx:32:12)
✓ Compiled in 39ms
✓ Compiled in 78ms
✓ Compiled in 39ms
Failed to proxy http://localhost:8001/api/v1/notifications Error: socket hang up
    at ignore-listed frames {
  code: 'ECONNRESET'
}
Error: socket hang up
    at ignore-listed frames {
  code: 'ECONNRESET'
}
Failed to proxy http://localhost:8001/api/v1/me/badges Error: socket hang up
    at ignore-listed frames {
  code: 'ECONNRESET'
}
Error: socket hang up
    at ignore-listed frames {
  code: 'ECONNRESET'
}
✓ Compiled in 66ms
✓ Compiled in 41ms
✓ Compiled in 182ms
 GET /inicio 200 in 274ms (next.js: 174ms, application-code: 100ms)
 GET /inicio 200 in 276ms (next.js: 155ms, application-code: 120ms)
 GET /inicio 200 in 29ms (next.js: 6ms, application-code: 23ms)
 GET /inicio 200 in 15ms (next.js: 2ms, application-code: 13ms)
 GET /manifest.webmanifest 200 in 38ms (next.js: 35ms, application-code: 3ms)
✓ Compiled in 61ms
✓ Compiled in 43ms
✓ Compiled in 40ms
 GET /inicio 200 in 260ms (next.js: 7ms, application-code: 254ms)
✓ Compiled in 80ms
✓ Compiled in 55ms
✓ Compiled in 275ms
✓ Compiled in 89ms
 GET /inicio 200 in 27ms (next.js: 5ms, application-code: 21ms)
✓ Compiled in 57ms
✓ Compiled in 199ms
✓ Compiled in 234ms
✓ Compiled in 251ms
✓ Compiled in 205ms
 GET /inicio 200 in 68ms (next.js: 24ms, application-code: 44ms)
 GET /manifest.webmanifest 200 in 8ms (next.js: 3ms, application-code: 5ms)
[browser] Image with src "/logo.png" has either width or height modified, but not the other. If you use CSS to change the size of your image, also include the styles 'width: "auto"' or 'height: "auto"' to maintain the aspect ratio.
✓ Compiled in 66ms
✓ Compiled in 198ms
 GET /inicio 200 in 26ms (next.js: 5ms, application-code: 21ms)
 GET /inicio 200 in 59ms (next.js: 10ms, application-code: 49ms)
[browser] Image with src "/logo.png" has either width or height modified, but not the other. If you use CSS to change the size of your image, also include the styles 'width: "auto"' or 'height: "auto"' to maintain the aspect ratio.
 GET /inicio 200 in 49ms (next.js: 3ms, application-code: 46ms)
[browser] Image with src "/logo.png" has either width or height modified, but not the other. If you use CSS to change the size of your image, also include the styles 'width: "auto"' or 'height: "auto"' to maintain the aspect ratio.
 GET /inicio 200 in 113ms (next.js: 22ms, application-code: 92ms)
 GET /inicio 200 in 28ms (next.js: 2ms, application-code: 26ms)
 GET /inicio 200 in 30ms (next.js: 3ms, application-code: 27ms)
[browser] Image with src "/logo.png" has either width or height modified, but not the other. If you use CSS to change the size of your image, also include the styles 'width: "auto"' or 'height: "auto"' to maintain the aspect ratio.
✓ Compiled in 148ms
✓ Compiled in 42ms
 GET /inicio 200 in 49ms (next.js: 16ms, application-code: 33ms)
✓ Compiled in 47ms
✓ Compiled in 207ms
 GET /inicio 200 in 30ms (next.js: 7ms, application-code: 24ms)
✓ Compiled in 93ms
✓ Compiled in 72ms
✓ Compiled in 39ms
 GET /inicio 200 in 32ms (next.js: 5ms, application-code: 26ms)
 GET /inicio 200 in 48ms (next.js: 7ms, application-code: 41ms)
 GET /manifest.webmanifest 200 in 10ms (next.js: 3ms, application-code: 6ms)
[browser] Image with src "/logo.png" has either width or height modified, but not the other. If you use CSS to change the size of your image, also include the styles 'width: "auto"' or 'height: "auto"' to maintain the aspect ratio.
✓ Compiled in 77ms
✓ Compiled in 38ms
✓ Compiled in 39ms
 GET /meu-painel 200 in 132ms (next.js: 89ms, application-code: 43ms)
 GET /meu-painel 200 in 7ms (next.js: 1332µs, application-code: 6ms)
 GET /inicio 200 in 30ms (next.js: 13ms, application-code: 16ms)
 GET /inicio 200 in 32ms (next.js: 4ms, application-code: 28ms)
✓ Compiled in 40ms
✓ Compiled in 214ms
 GET /inicio 200 in 140ms (next.js: 84ms, application-code: 56ms)
 GET /inicio 200 in 140ms (next.js: 65ms, application-code: 75ms)
 GET /inicio 200 in 29ms (next.js: 12ms, application-code: 17ms)
 GET /inicio 200 in 29ms (next.js: 19ms, application-code: 9ms)
 GET /inicio 200 in 20ms (next.js: 1607µs, application-code: 18ms)
 GET /inicio 200 in 20ms (next.js: 9ms, application-code: 10ms)
 GET /manifest.webmanifest 200 in 45ms (next.js: 42ms, application-code: 3ms)
Failed to proxy http://localhost:8001/api/v1/user AggregateError: 
    at ignore-listed frames {
  code: 'ECONNREFUSED',
  [errors]: [
    Error: connect ECONNREFUSED ::1:8001
        at <unknown> (Error: connect ECONNREFUSED ::1:8001) {
      errno: -61,
      code: 'ECONNREFUSED',
      syscall: 'connect',
      address: '::1',
      port: 8001
    },
    Error: connect ECONNREFUSED 127.0.0.1:8001
        at <unknown> (Error: connect ECONNREFUSED 127.0.0.1:8001) {
      errno: -61,
      code: 'ECONNREFUSED',
      syscall: 'connect',
      address: '127.0.0.1',
      port: 8001
    }
  ]
}
AggregateError: 
    at ignore-listed frames {
  code: 'ECONNREFUSED',
  [errors]: [
    Error: connect ECONNREFUSED ::1:8001
        at <unknown> (Error: connect ECONNREFUSED ::1:8001) {
      errno: -61,
      code: 'ECONNREFUSED',
      syscall: 'connect',
      address: '::1',
      port: 8001
    },
    Error: connect ECONNREFUSED 127.0.0.1:8001
        at <unknown> (Error: connect ECONNREFUSED 127.0.0.1:8001) {
      errno: -61,
      code: 'ECONNREFUSED',
      syscall: 'connect',
      address: '127.0.0.1',
      port: 8001
    }
  ]
}
 GET /timesheets 200 in 153ms (next.js: 116ms, application-code: 37ms)
 GET /manifest.webmanifest 200 in 5ms (next.js: 2ms, application-code: 3ms)
 GET /dashboard 200 in 86ms (next.js: 42ms, application-code: 44ms)
 GET /manifest.webmanifest 200 in 5ms (next.js: 2ms, application-code: 3ms)
 GET /users 200 in 47ms (next.js: 20ms, application-code: 26ms)
 GET /manifest.webmanifest 200 in 3ms (next.js: 972µs, application-code: 1695µs)
 GET /timesheets 200 in 32ms (next.js: 6ms, application-code: 26ms)
 GET /manifest.webmanifest 200 in 3ms (next.js: 999µs, application-code: 1556µs)
 GET /relatorios/apontamentos 200 in 163ms (next.js: 119ms, application-code: 44ms)
 GET /manifest.webmanifest 200 in 5ms (next.js: 2ms, application-code: 3ms)
 GET /approvals 200 in 58ms (next.js: 22ms, application-code: 36ms)
 GET /manifest.webmanifest 200 in 3ms (next.js: 829µs, application-code: 1828µs)
✓ Compiled in 49ms
 GET /inicio 200 in 263ms (next.js: 26ms, application-code: 237ms)
[browser] Image with src "/logo.png" has either width or height modified, but not the other. If you use CSS to change the size of your image, also include the styles 'width: "auto"' or 'height: "auto"' to maintain the aspect ratio.
✓ Compiled in 168ms
 GET /approvals 200 in 127ms (next.js: 56ms, application-code: 71ms)
 GET /inicio 200 in 127ms (next.js: 76ms, application-code: 51ms)
 GET /approvals 200 in 44ms (next.js: 1023µs, application-code: 43ms)
 GET /inicio 200 in 44ms (next.js: 8ms, application-code: 36ms)
 GET /approvals 200 in 15ms (next.js: 1087µs, application-code: 14ms)
 GET /inicio 200 in 8ms (next.js: 994µs, application-code: 7ms)
 GET /manifest.webmanifest 200 in 28ms (next.js: 25ms, application-code: 3ms)
✓ Compiled in 78ms
 GET /timesheets 200 in 42ms (next.js: 19ms, application-code: 22ms)
 GET /inicio 200 in 159ms (next.js: 8ms, application-code: 151ms)
✓ Compiled in 215ms
✓ Compiled in 42ms
 GET /inicio 200 in 38ms (next.js: 9ms, application-code: 29ms)
✓ Compiled in 113ms
 GET /timesheets?status=rejected 200 in 51ms (next.js: 25ms, application-code: 25ms)
 GET /inicio 200 in 28ms (next.js: 8ms, application-code: 19ms)
 GET /inicio 200 in 28ms (next.js: 4ms, application-code: 24ms)
 GET /timesheets 200 in 22ms (next.js: 4ms, application-code: 18ms)
 GET /manifest.webmanifest 200 in 7ms (next.js: 3ms, application-code: 4ms)
 GET /inicio 200 in 27ms (next.js: 6ms, application-code: 21ms)
 GET /relatorios/apontamentos 200 in 36ms (next.js: 13ms, application-code: 23ms)
 GET /manifest.webmanifest 200 in 5ms (next.js: 3ms, application-code: 1764µs)
 GET /approvals 200 in 30ms (next.js: 5ms, application-code: 24ms)
 GET /manifest.webmanifest 200 in 3ms (next.js: 1467µs, application-code: 2ms)
 GET /timesheets 200 in 31ms (next.js: 5ms, application-code: 25ms)
 GET /manifest.webmanifest 200 in 3ms (next.js: 1168µs, application-code: 1819µs)
 GET /timesheets?status=adjustment_requested 200 in 28ms (next.js: 8ms, application-code: 19ms)
 GET /inicio 200 in 19ms (next.js: 5ms, application-code: 15ms)
 GET /timesheets 200 in 19ms (next.js: 4ms, application-code: 15ms)
 GET /meu-painel 200 in 37ms (next.js: 23ms, application-code: 14ms)
 GET /inicio 200 in 12ms (next.js: 5ms, application-code: 7ms)
 GET /timesheets 200 in 22ms (next.js: 4ms, application-code: 18ms)
 GET /relatorios/apontamentos 200 in 24ms (next.js: 6ms, application-code: 18ms)
 GET /manifest.webmanifest 200 in 5ms (next.js: 1655µs, application-code: 4ms)
 GET /approvals 200 in 20ms (next.js: 5ms, application-code: 15ms)
 GET /manifest.webmanifest 200 in 3ms (next.js: 1354µs, application-code: 1977µs)
 GET /timesheets?status=rejected 200 in 44ms (next.js: 15ms, application-code: 29ms)
 GET /inicio 200 in 27ms (next.js: 10ms, application-code: 17ms)
✓ Compiled in 37ms
✓ Compiled in 42ms
✓ Compiled in 40ms
✓ Compiled in 41ms
✓ Compiled in 41ms
✓ Compiled in 113ms
 GET /inicio 200 in 138ms (next.js: 72ms, application-code: 66ms)
 GET /approvals 200 in 139ms (next.js: 96ms, application-code: 43ms)
 GET /approvals 200 in 23ms (next.js: 1198µs, application-code: 22ms)
 GET /approvals 200 in 13ms (next.js: 4ms, application-code: 9ms)
 GET /inicio 200 in 26ms (next.js: 2ms, application-code: 24ms)
 GET /inicio 200 in 14ms (next.js: 1437µs, application-code: 13ms)
 GET /manifest.webmanifest 200 in 48ms (next.js: 45ms, application-code: 3ms)
 GET /inicio 200 in 217ms (next.js: 8ms, application-code: 209ms)
[browser] [GlobalError] ReferenceError: actionsCount is not defined
    at MeuDiaPage (src/app/inicio/page.tsx:139:24)
    at Set.forEach (<anonymous>)
  137 |   const taskPending = overdue.length + todayTasks.length
  138 |   const TABS: { k: TabKey; label: string; icon: typeof Bell; badge?: number; badgeColor?:...
> 139 |     { k: 'dia', label: 'Meu Dia', icon: Home, badge: overdue.length, badgeColor: 'var(--d...
      |                        ^
  140 |     ...(canActions ? [{ k: 'acoes' as TabKey, label: 'Ações', icon: ShieldAlert, badge: a...
  141 |     { k: 'tarefas', label: 'Tarefas', icon: ListChecks, badge: taskPending, badgeColor: o...
  142 |     { k: 'publicacoes', label: 'Publicações', icon: Megaphone }, (src/app/error.tsx:13:13)
[browser] [GlobalError] ReferenceError: actionsCount is not defined
    at MeuDiaPage (src/app/inicio/page.tsx:139:24)
    at Set.forEach (<anonymous>)
  137 |   const taskPending = overdue.length + todayTasks.length
  138 |   const TABS: { k: TabKey; label: string; icon: typeof Bell; badge?: number; badgeColor?:...
> 139 |     { k: 'dia', label: 'Meu Dia', icon: Home, badge: overdue.length, badgeColor: 'var(--d...
      |                        ^
  140 |     ...(canActions ? [{ k: 'acoes' as TabKey, label: 'Ações', icon: ShieldAlert, badge: a...
  141 |     { k: 'tarefas', label: 'Tarefas', icon: ListChecks, badge: taskPending, badgeColor: o...
  142 |     { k: 'publicacoes', label: 'Publicações', icon: Megaphone }, (src/app/error.tsx:13:13)
 GET /timesheets 200 in 32ms (next.js: 13ms, application-code: 19ms)
 GET /manifest.webmanifest 200 in 8ms (next.js: 3ms, application-code: 5ms)
 GET /meu-painel 200 in 51ms (next.js: 27ms, application-code: 24ms)
 GET /meu-painel 200 in 22ms (next.js: 4ms, application-code: 18ms)
 GET /meu-painel 200 in 267ms (next.js: 5ms, application-code: 262ms)
[browser] Image with src "/logo.png" has either width or height modified, but not the other. If you use CSS to change the size of your image, also include the styles 'width: "auto"' or 'height: "auto"' to maintain the aspect ratio.
 GET /inicio 200 in 33ms (next.js: 10ms, application-code: 24ms)
✓ Compiled in 86ms
 GET /inicio 200 in 65ms (next.js: 15ms, application-code: 50ms)
[browser] Image with src "/logo.png" has either width or height modified, but not the other. If you use CSS to change the size of your image, also include the styles 'width: "auto"' or 'height: "auto"' to maintain the aspect ratio.
 GET /meu-painel 200 in 20ms (next.js: 7ms, application-code: 13ms)
 GET /manifest.webmanifest 200 in 9ms (next.js: 4ms, application-code: 5ms)
 GET /inicio 200 in 10ms (next.js: 2ms, application-code: 7ms)
 GET /manifest.webmanifest 200 in 4ms (next.js: 1239µs, application-code: 2ms)
✓ Compiled in 72ms
 GET /inicio 200 in 60ms (next.js: 15ms, application-code: 45ms)
 GET /manifest.webmanifest 200 in 9ms (next.js: 3ms, application-code: 6ms)
[browser] Image with src "/logo.png" has either width or height modified, but not the other. If you use CSS to change the size of your image, also include the styles 'width: "auto"' or 'height: "auto"' to maintain the aspect ratio.
 GET /inicio 200 in 45ms (next.js: 3ms, application-code: 42ms)
 GET /manifest.webmanifest 200 in 17ms (next.js: 3ms, application-code: 13ms)
 GET /manifest.webmanifest 200 in 9ms (next.js: 8ms, application-code: 1346µs)
 GET /inicio 200 in 43ms (next.js: 1083µs, application-code: 42ms)
 GET /manifest.webmanifest 200 in 5ms (next.js: 4ms, application-code: 1389µs)
 GET /inicio 200 in 40ms (next.js: 2ms, application-code: 38ms)
[browser] Image with src "/logo.png" has either width or height modified, but not the other. If you use CSS to change the size of your image, also include the styles 'width: "auto"' or 'height: "auto"' to maintain the aspect ratio.
 GET /inicio 200 in 409ms (next.js: 13ms, application-code: 396ms)
 GET /manifest.webmanifest 200 in 4ms (next.js: 1950µs, application-code: 1637µs)
[browser] Image with src "/logo.png" has either width or height modified, but not the other. If you use CSS to change the size of your image, also include the styles 'width: "auto"' or 'height: "auto"' to maintain the aspect ratio.
✓ Compiled in 81ms
✓ Compiled in 452ms
✓ Compiled in 44ms
✓ Compiled in 410ms
 GET /inicio 200 in 103ms (next.js: 55ms, application-code: 48ms)
 GET /inicio 200 in 103ms (next.js: 70ms, application-code: 33ms)
 GET /inicio 200 in 34ms (next.js: 1601µs, application-code: 33ms)
 GET /inicio 200 in 16ms (next.js: 2ms, application-code: 14ms)
 GET /manifest.webmanifest 200 in 37ms (next.js: 33ms, application-code: 3ms)
 GET /inicio 200 in 176ms (next.js: 3ms, application-code: 174ms)
✓ Compiled in 65ms
✓ Compiled in 52ms
 GET /inicio 200 in 58ms (next.js: 23ms, application-code: 35ms)
 GET /manifest.webmanifest 200 in 8ms (next.js: 4ms, application-code: 4ms)
[browser] Image with src "/logo.png" has either width or height modified, but not the other. If you use CSS to change the size of your image, also include the styles 'width: "auto"' or 'height: "auto"' to maintain the aspect ratio.
 GET /inicio 200 in 59ms (next.js: 11ms, application-code: 48ms)
[browser] Image with src "/logo.png" has either width or height modified, but not the other. If you use CSS to change the size of your image, also include the styles 'width: "auto"' or 'height: "auto"' to maintain the aspect ratio.
 GET /inicio 200 in 26ms (next.js: 2ms, application-code: 24ms)
 GET /manifest.webmanifest 200 in 9ms (next.js: 7ms, application-code: 1676µs)
[browser] Image with src "/logo.png" has either width or height modified, but not the other. If you use CSS to change the size of your image, also include the styles 'width: "auto"' or 'height: "auto"' to maintain the aspect ratio.
 GET /inicio 200 in 37ms (next.js: 3ms, application-code: 34ms)
 GET /manifest.webmanifest 200 in 6ms (next.js: 3ms, application-code: 2ms)
[browser] Image with src "/logo.png" has either width or height modified, but not the other. If you use CSS to change the size of your image, also include the styles 'width: "auto"' or 'height: "auto"' to maintain the aspect ratio.
 GET /inicio 200 in 31ms (next.js: 3ms, application-code: 29ms)
 GET /manifest.webmanifest 200 in 13ms (next.js: 10ms, application-code: 3ms)
[browser] Image with src "/logo.png" has either width or height modified, but not the other. If you use CSS to change the size of your image, also include the styles 'width: "auto"' or 'height: "auto"' to maintain the aspect ratio.
✓ Compiled in 337ms
✓ Compiled in 438ms
 GET /inicio 200 in 100ms (next.js: 57ms, application-code: 43ms)
 GET /inicio 200 in 107ms (next.js: 73ms, application-code: 34ms)
 GET /inicio 200 in 45ms (next.js: 986µs, application-code: 44ms)
 GET /inicio 200 in 45ms (next.js: 7ms, application-code: 38ms)
 GET /inicio 200 in 39ms (next.js: 699µs, application-code: 39ms)
 GET /inicio 200 in 46ms (next.js: 1181µs, application-code: 44ms)
 GET /inicio 200 in 51ms (next.js: 7ms, application-code: 44ms)
 GET /inicio 200 in 361ms (next.js: 779µs, application-code: 360ms)
 GET /inicio 200 in 361ms (next.js: 6ms, application-code: 355ms)
 GET /inicio 200 in 363ms (next.js: 951µs, application-code: 362ms)
 GET /inicio 200 in 374ms (next.js: 7ms, application-code: 366ms)
 GET /inicio 200 in 367ms (next.js: 781µs, application-code: 366ms)
 GET /inicio 200 in 367ms (next.js: 1055µs, application-code: 366ms)
 GET /inicio 200 in 371ms (next.js: 11ms, application-code: 360ms)
 GET /inicio 200 in 361ms (next.js: 35ms, application-code: 326ms)
 GET /inicio 200 in 54ms (next.js: 1965µs, application-code: 52ms)
 GET /inicio 200 in 54ms (next.js: 15ms, application-code: 40ms)
 GET /inicio 200 in 30ms (next.js: 910µs, application-code: 29ms)
 GET /inicio 200 in 30ms (next.js: 6ms, application-code: 23ms)
 GET /inicio 200 in 18ms (next.js: 757µs, application-code: 17ms)
 GET /inicio 200 in 18ms (next.js: 6ms, application-code: 12ms)
 GET /inicio 200 in 7ms (next.js: 799µs, application-code: 6ms)
 GET /manifest.webmanifest 200 in 46ms (next.js: 43ms, application-code: 3ms)
 GET /inicio 200 in 293ms (next.js: 15ms, application-code: 278ms)
[browser] Image with src "/logo.png" has either width or height modified, but not the other. If you use CSS to change the size of your image, also include the styles 'width: "auto"' or 'height: "auto"' to maintain the aspect ratio.
 GET /inicio 200 in 50ms (next.js: 4ms, application-code: 47ms)
[browser] Image with src "/logo.png" has either width or height modified, but not the other. If you use CSS to change the size of your image, also include the styles 'width: "auto"' or 'height: "auto"' to maintain the aspect ratio.
 GET /inicio 200 in 39ms (next.js: 3ms, application-code: 36ms)
 GET /manifest.webmanifest 200 in 6ms (next.js: 2ms, application-code: 4ms)
[browser] Image with src "/logo.png" has either width or height modified, but not the other. If you use CSS to change the size of your image, also include the styles 'width: "auto"' or 'height: "auto"' to maintain the aspect ratio.
 GET /inicio 200 in 39ms (next.js: 3ms, application-code: 35ms)
 GET /manifest.webmanifest 200 in 7ms (next.js: 4ms, application-code: 3ms)
[browser] Image with src "/logo.png" has either width or height modified, but not the other. If you use CSS to change the size of your image, also include the styles 'width: "auto"' or 'height: "auto"' to maintain the aspect ratio.
Failed to proxy http://localhost:8001/api/v1/me/badges Error: socket hang up
    at ignore-listed frames {
  code: 'ECONNRESET'
}
Error: socket hang up
    at ignore-listed frames {
  code: 'ECONNRESET'
}
✓ Compiled in 82ms
✓ Compiled in 38ms
✓ Compiled in 289ms
 GET /inicio 200 in 123ms (next.js: 94ms, application-code: 29ms)
 GET /inicio 200 in 123ms (next.js: 77ms, application-code: 46ms)
 GET /inicio 200 in 247ms (next.js: 52ms, application-code: 195ms)
 GET /inicio 200 in 36ms (next.js: 2ms, application-code: 34ms)
 GET /inicio 200 in 22ms (next.js: 1416µs, application-code: 21ms)
 GET /inicio 200 in 10ms (next.js: 1035µs, application-code: 9ms)
 GET /manifest.webmanifest 200 in 46ms (next.js: 44ms, application-code: 3ms)
✓ Compiled in 97ms
 GET /inicio 200 in 97ms (next.js: 47ms, application-code: 50ms)
 GET /inicio 200 in 97ms (next.js: 78ms, application-code: 20ms)
 GET /inicio 200 in 39ms (next.js: 1318µs, application-code: 38ms)
 GET /inicio 200 in 40ms (next.js: 9ms, application-code: 31ms)
 GET /inicio 200 in 23ms (next.js: 1791µs, application-code: 21ms)
 GET /inicio 200 in 23ms (next.js: 11ms, application-code: 12ms)
 GET /manifest.webmanifest 200 in 52ms (next.js: 47ms, application-code: 5ms)
 GET /inicio 200 in 151ms (next.js: 3ms, application-code: 148ms)
 GET /inicio 200 in 64ms (next.js: 9ms, application-code: 55ms)
 GET /manifest.webmanifest 200 in 5ms (next.js: 1856µs, application-code: 3ms)
[browser] Image with src "/logo.png" has either width or height modified, but not the other. If you use CSS to change the size of your image, also include the styles 'width: "auto"' or 'height: "auto"' to maintain the aspect ratio.
 GET /inicio 200 in 50ms (next.js: 5ms, application-code: 46ms)
[browser] Image with src "/logo.png" has either width or height modified, but not the other. If you use CSS to change the size of your image, also include the styles 'width: "auto"' or 'height: "auto"' to maintain the aspect ratio.
 GET /dashboard 200 in 61ms (next.js: 36ms, application-code: 25ms)
 GET /manifest.webmanifest 200 in 7ms (next.js: 2ms, application-code: 4ms)
Failed to proxy http://localhost:8001/api/v1/notifications AggregateError: 
    at ignore-listed frames {
  code: 'ECONNREFUSED',
  [errors]: [
    Error: connect ECONNREFUSED ::1:8001
        at <unknown> (Error: connect ECONNREFUSED ::1:8001) {
      errno: -61,
      code: 'ECONNREFUSED',
      syscall: 'connect',
      address: '::1',
      port: 8001
    },
    Error: connect ECONNREFUSED 127.0.0.1:8001
        at <unknown> (Error: connect ECONNREFUSED 127.0.0.1:8001) {
      errno: -61,
      code: 'ECONNREFUSED',
      syscall: 'connect',
      address: '127.0.0.1',
      port: 8001
    }
  ]
}
AggregateError: 
    at ignore-listed frames {
  code: 'ECONNREFUSED',
  [errors]: [
    Error: connect ECONNREFUSED ::1:8001
        at <unknown> (Error: connect ECONNREFUSED ::1:8001) {
      errno: -61,
      code: 'ECONNREFUSED',
      syscall: 'connect',
      address: '::1',
      port: 8001
    },
    Error: connect ECONNREFUSED 127.0.0.1:8001
        at <unknown> (Error: connect ECONNREFUSED 127.0.0.1:8001) {
      errno: -61,
      code: 'ECONNREFUSED',
      syscall: 'connect',
      address: '127.0.0.1',
      port: 8001
    }
  ]
}
Failed to proxy http://localhost:8001/api/v1/notifications/actions AggregateError: 
    at ignore-listed frames {
  code: 'ECONNREFUSED',
  [errors]: [
    Error: connect ECONNREFUSED ::1:8001
        at <unknown> (Error: connect ECONNREFUSED ::1:8001) {
      errno: -61,
      code: 'ECONNREFUSED',
      syscall: 'connect',
      address: '::1',
      port: 8001
    },
    Error: connect ECONNREFUSED 127.0.0.1:8001
        at <unknown> (Error: connect ECONNREFUSED 127.0.0.1:8001) {
      errno: -61,
      code: 'ECONNREFUSED',
      syscall: 'connect',
      address: '127.0.0.1',
      port: 8001
    }
  ]
}
AggregateError: 
    at ignore-listed frames {
  code: 'ECONNREFUSED',
  [errors]: [
    Error: connect ECONNREFUSED ::1:8001
        at <unknown> (Error: connect ECONNREFUSED ::1:8001) {
      errno: -61,
      code: 'ECONNREFUSED',
      syscall: 'connect',
      address: '::1',
      port: 8001
    },
    Error: connect ECONNREFUSED 127.0.0.1:8001
        at <unknown> (Error: connect ECONNREFUSED 127.0.0.1:8001) {
      errno: -61,
      code: 'ECONNREFUSED',
      syscall: 'connect',
      address: '127.0.0.1',
      port: 8001
    }
  ]
}
Failed to proxy http://localhost:8001/api/v1/me/badges AggregateError: 
    at ignore-listed frames {
  code: 'ECONNREFUSED',
  [errors]: [
    Error: connect ECONNREFUSED ::1:8001
        at <unknown> (Error: connect ECONNREFUSED ::1:8001) {
      errno: -61,
      code: 'ECONNREFUSED',
      syscall: 'connect',
      address: '::1',
      port: 8001
    },
    Error: connect ECONNREFUSED 127.0.0.1:8001
        at <unknown> (Error: connect ECONNREFUSED 127.0.0.1:8001) {
      errno: -61,
      code: 'ECONNREFUSED',
      syscall: 'connect',
      address: '127.0.0.1',
      port: 8001
    }
  ]
}
AggregateError: 
    at ignore-listed frames {
  code: 'ECONNREFUSED',
  [errors]: [
    Error: connect ECONNREFUSED ::1:8001
        at <unknown> (Error: connect ECONNREFUSED ::1:8001) {
      errno: -61,
      code: 'ECONNREFUSED',
      syscall: 'connect',
      address: '::1',
      port: 8001
    },
    Error: connect ECONNREFUSED 127.0.0.1:8001
        at <unknown> (Error: connect ECONNREFUSED 127.0.0.1:8001) {
      errno: -61,
      code: 'ECONNREFUSED',
      syscall: 'connect',
      address: '127.0.0.1',
      port: 8001
    }
  ]
}
 GET /meu-painel 200 in 40ms (next.js: 22ms, application-code: 18ms)
 GET /manifest.webmanifest 200 in 4ms (next.js: 2ms, application-code: 2ms)
 GET /inicio 200 in 32ms (next.js: 5ms, application-code: 26ms)
 GET /manifest.webmanifest 200 in 3ms (next.js: 1291µs, application-code: 1838µs)
✓ Compiled in 72ms
✓ Compiled in 66ms
✓ Compiled in 115ms
 GET /inicio 200 in 138ms (next.js: 65ms, application-code: 73ms)
 GET /inicio 200 in 138ms (next.js: 103ms, application-code: 35ms)
 GET /inicio 200 in 17ms (next.js: 2ms, application-code: 15ms)
 GET /inicio 200 in 16ms (next.js: 9ms, application-code: 8ms)
 GET /manifest.webmanifest 200 in 46ms (next.js: 43ms, application-code: 4ms)
✓ Compiled in 39ms
 GET /inicio 200 in 195ms (next.js: 6ms, application-code: 189ms)
Failed to proxy http://localhost:8001/api/v1/notifications/stream AggregateError: 
    at ignore-listed frames {
  code: 'ECONNREFUSED',
  [errors]: [
    Error: connect ECONNREFUSED ::1:8001
        at <unknown> (Error: connect ECONNREFUSED ::1:8001) {
      errno: -61,
      code: 'ECONNREFUSED',
      syscall: 'connect',
      address: '::1',
      port: 8001
    },
    Error: connect ECONNREFUSED 127.0.0.1:8001
        at <unknown> (Error: connect ECONNREFUSED 127.0.0.1:8001) {
      errno: -61,
      code: 'ECONNREFUSED',
      syscall: 'connect',
      address: '127.0.0.1',
      port: 8001
    }
  ]
}
AggregateError: 
    at ignore-listed frames {
  code: 'ECONNREFUSED',
  [errors]: [
    Error: connect ECONNREFUSED ::1:8001
        at <unknown> (Error: connect ECONNREFUSED ::1:8001) {
      errno: -61,
      code: 'ECONNREFUSED',
      syscall: 'connect',
      address: '::1',
      port: 8001
    },
    Error: connect ECONNREFUSED 127.0.0.1:8001
        at <unknown> (Error: connect ECONNREFUSED 127.0.0.1:8001) {
      errno: -61,
      code: 'ECONNREFUSED',
      syscall: 'connect',
      address: '127.0.0.1',
      port: 8001
    }
  ]
}
 GET /inicio 200 in 68ms (next.js: 12ms, application-code: 56ms)
 GET /manifest.webmanifest 200 in 8ms (next.js: 2ms, application-code: 6ms)
[browser] Image with src "/logo.png" has either width or height modified, but not the other. If you use CSS to change the size of your image, also include the styles 'width: "auto"' or 'height: "auto"' to maintain the aspect ratio.
✓ Compiled in 70ms
 GET /inicio 200 in 75ms (next.js: 18ms, application-code: 56ms)
 GET /manifest.webmanifest 200 in 5ms (next.js: 2ms, application-code: 3ms)
[browser] Image with src "/logo.png" has either width or height modified, but not the other. If you use CSS to change the size of your image, also include the styles 'width: "auto"' or 'height: "auto"' to maintain the aspect ratio.
✓ Compiled in 89ms
✓ Compiled in 45ms
✓ Compiled in 37ms
✓ Compiled in 128ms
✓ Compiled in 55ms
✓ Compiled in 44ms
✓ Compiled in 166ms
 GET /inicio 200 in 120ms (next.js: 65ms, application-code: 56ms)
 GET /inicio 200 in 121ms (next.js: 83ms, application-code: 38ms)
 GET /inicio 200 in 24ms (next.js: 1542µs, application-code: 22ms)
 GET /inicio 200 in 13ms (next.js: 1319µs, application-code: 12ms)
 GET /manifest.webmanifest 200 in 37ms (next.js: 33ms, application-code: 4ms)
✓ Compiled in 51ms
✓ Compiled in 39ms
 GET /inicio 200 in 196ms (next.js: 23ms, application-code: 173ms)
 GET /inicio 200 in 62ms (next.js: 10ms, application-code: 52ms)
 GET /manifest.webmanifest 200 in 6ms (next.js: 2ms, application-code: 4ms)
[browser] Image with src "/logo.png" has either width or height modified, but not the other. If you use CSS to change the size of your image, also include the styles 'width: "auto"' or 'height: "auto"' to maintain the aspect ratio.
✓ Compiled in 73ms
✓ Compiled in 43ms
 GET /inicio 200 in 30ms (next.js: 5ms, application-code: 24ms)
 GET /cadastros/workflows 200 in 292ms (next.js: 266ms, application-code: 27ms)
 GET /manifest.webmanifest 200 in 10ms (next.js: 7ms, application-code: 3ms)
 GET /cadastros/workflows 200 in 141ms (next.js: 4ms, application-code: 137ms)
 GET /manifest.webmanifest 200 in 11ms (next.js: 9ms, application-code: 1905µs)
[browser] Image with src "/logo.png" has either width or height modified, but not the other. If you use CSS to change the size of your image, also include the styles 'width: "auto"' or 'height: "auto"' to maintain the aspect ratio.
 GET /cadastros/workflows 200 in 47ms (next.js: 4ms, application-code: 43ms)
 GET /manifest.webmanifest 200 in 7ms (next.js: 5ms, application-code: 2ms)
[browser] Image with src "/logo.png" has either width or height modified, but not the other. If you use CSS to change the size of your image, also include the styles 'width: "auto"' or 'height: "auto"' to maintain the aspect ratio.
 GET /manifest.webmanifest 200 in 6ms (next.js: 5ms, application-code: 1362µs)
 GET /cadastros/workflows 200 in 387ms (next.js: 3ms, application-code: 384ms)
[browser] Image with src "/logo.png" has either width or height modified, but not the other. If you use CSS to change the size of your image, also include the styles 'width: "auto"' or 'height: "auto"' to maintain the aspect ratio.
 GET /inicio 200 in 79ms (next.js: 9ms, application-code: 70ms)
[browser] Image with src "/logo.png" has either width or height modified, but not the other. If you use CSS to change the size of your image, also include the styles 'width: "auto"' or 'height: "auto"' to maintain the aspect ratio.
✓ Compiled in 103ms
✓ Compiled in 48ms
✓ Compiled in 47ms
 GET /inicio 200 in 30ms (next.js: 7ms, application-code: 23ms)
[?25h
